SaleID,StoreID,ProductID,CustomerID,QuantitySold,SaleDate,TotalPrice
1,334,315,950,7,2023-01-01 00:00:00,<function <lambda> at 0x0000018CAD10B420>
2,768,177,88,2,2023-01-01 01:00:00,<function <lambda> at 0x0000018CAD10B420>
3,793,228,313,8,2023-01-01 02:00:00,<function <lambda> at 0x0000018CAD10B420>
4,304,703,851,5,2023-01-01 03:00:00,<function <lambda> at 0x0000018CAD10B420>
5,833,983,66,7,2023-01-01 04:00:00,<function <lambda> at 0x0000018CAD10B420>
6,437,672,662,1,2023-01-01 05:00:00,<function <lambda> at 0x0000018CAD10B420>
7,323,906,20,5,2023-01-01 06:00:00,<function <lambda> at 0x0000018CAD10B420>
8,502,267,33,1,2023-01-01 07:00:00,<function <lambda> at 0x0000018CAD10B420>
9,858,870,840,8,2023-01-01 08:00:00,<function <lambda> at 0x0000018CAD10B420>
10,914,838,793,4,2023-01-01 09:00:00,<function <lambda> at 0x0000018CAD10B420>
11,393,379,558,4,2023-01-01 10:00:00,<function <lambda> at 0x0000018CAD10B420>
12,806,489,73,2,2023-01-01 11:00:00,<function <lambda> at 0x0000018CAD10B420>
13,599,702,866,5,2023-01-01 12:00:00,<function <lambda> at 0x0000018CAD10B420>
14,149,687,825,1,2023-01-01 13:00:00,<function <lambda> at 0x0000018CAD10B420>
15,761,290,343,9,2023-01-01 14:00:00,<function <lambda> at 0x0000018CAD10B420>
16,833,996,133,5,2023-01-01 15:00:00,<function <lambda> at 0x0000018CAD10B420>
17,405,357,55,6,2023-01-01 16:00:00,<function <lambda> at 0x0000018CAD10B420>
18,283,657,61,2,2023-01-01 17:00:00,<function <lambda> at 0x0000018CAD10B420>
19,362,744,857,1,2023-01-01 18:00:00,<function <lambda> at 0x0000018CAD10B420>
20,379,872,520,4,2023-01-01 19:00:00,<function <lambda> at 0x0000018CAD10B420>
21,198,950,272,7,2023-01-01 20:00:00,<function <lambda> at 0x0000018CAD10B420>
22,556,204,246,6,2023-01-01 21:00:00,<function <lambda> at 0x0000018CAD10B420>
23,356,213,176,1,2023-01-01 22:00:00,<function <lambda> at 0x0000018CAD10B420>
24,540,552,628,1,2023-01-01 23:00:00,<function <lambda> at 0x0000018CAD10B420>
25,429,787,317,8,2023-01-02 00:00:00,<function <lambda> at 0x0000018CAD10B420>
26,17,323,783,4,2023-01-02 01:00:00,<function <lambda> at 0x0000018CAD10B420>
27,639,594,705,5,2023-01-02 02:00:00,<function <lambda> at 0x0000018CAD10B420>
28,379,181,662,7,2023-01-02 03:00:00,<function <lambda> at 0x0000018CAD10B420>
29,680,499,131,8,2023-01-02 04:00:00,<function <lambda> at 0x0000018CAD10B420>
30,506,320,102,7,2023-01-02 05:00:00,<function <lambda> at 0x0000018CAD10B420>
31,756,83,310,2,2023-01-02 06:00:00,<function <lambda> at 0x0000018CAD10B420>
32,899,303,782,4,2023-01-02 07:00:00,<function <lambda> at 0x0000018CAD10B420>
33,76,262,292,1,2023-01-02 08:00:00,<function <lambda> at 0x0000018CAD10B420>
34,231,784,722,9,2023-01-02 09:00:00,<function <lambda> at 0x0000018CAD10B420>
35,716,200,495,3,2023-01-02 10:00:00,<function <lambda> at 0x0000018CAD10B420>
36,962,240,361,3,2023-01-02 11:00:00,<function <lambda> at 0x0000018CAD10B420>
37,248,914,338,9,2023-01-02 12:00:00,<function <lambda> at 0x0000018CAD10B420>
38,302,692,579,3,2023-01-02 13:00:00,<function <lambda> at 0x0000018CAD10B420>
39,726,944,10,8,2023-01-02 14:00:00,<function <lambda> at 0x0000018CAD10B420>
40,215,683,49,2,2023-01-02 15:00:00,<function <lambda> at 0x0000018CAD10B420>
41,158,295,487,3,2023-01-02 16:00:00,<function <lambda> at 0x0000018CAD10B420>
42,69,512,623,2,2023-01-02 17:00:00,<function <lambda> at 0x0000018CAD10B420>
43,393,689,321,1,2023-01-02 18:00:00,<function <lambda> at 0x0000018CAD10B420>
44,85,881,731,2,2023-01-02 19:00:00,<function <lambda> at 0x0000018CAD10B420>
45,267,396,569,8,2023-01-02 20:00:00,<function <lambda> at 0x0000018CAD10B420>
46,69,749,795,9,2023-01-02 21:00:00,<function <lambda> at 0x0000018CAD10B420>
47,611,138,971,2,2023-01-02 22:00:00,<function <lambda> at 0x0000018CAD10B420>
48,347,839,625,7,2023-01-02 23:00:00,<function <lambda> at 0x0000018CAD10B420>
49,962,878,133,5,2023-01-03 00:00:00,<function <lambda> at 0x0000018CAD10B420>
50,728,823,583,3,2023-01-03 01:00:00,<function <lambda> at 0x0000018CAD10B420>
51,927,129,83,9,2023-01-03 02:00:00,<function <lambda> at 0x0000018CAD10B420>
52,673,49,57,6,2023-01-03 03:00:00,<function <lambda> at 0x0000018CAD10B420>
53,423,676,376,1,2023-01-03 04:00:00,<function <lambda> at 0x0000018CAD10B420>
54,606,789,349,5,2023-01-03 05:00:00,<function <lambda> at 0x0000018CAD10B420>
55,174,293,271,7,2023-01-03 06:00:00,<function <lambda> at 0x0000018CAD10B420>
56,677,628,483,4,2023-01-03 07:00:00,<function <lambda> at 0x0000018CAD10B420>
57,115,536,111,8,2023-01-03 08:00:00,<function <lambda> at 0x0000018CAD10B420>
58,220,311,869,5,2023-01-03 09:00:00,<function <lambda> at 0x0000018CAD10B420>
59,956,537,887,9,2023-01-03 10:00:00,<function <lambda> at 0x0000018CAD10B420>
60,31,903,76,9,2023-01-03 11:00:00,<function <lambda> at 0x0000018CAD10B420>
61,523,639,158,9,2023-01-03 12:00:00,<function <lambda> at 0x0000018CAD10B420>
62,343,234,532,1,2023-01-03 13:00:00,<function <lambda> at 0x0000018CAD10B420>
63,377,209,933,2,2023-01-03 14:00:00,<function <lambda> at 0x0000018CAD10B420>
64,130,605,643,3,2023-01-03 15:00:00,<function <lambda> at 0x0000018CAD10B420>
65,1000,94,329,4,2023-01-03 16:00:00,<function <lambda> at 0x0000018CAD10B420>
66,617,327,122,9,2023-01-03 17:00:00,<function <lambda> at 0x0000018CAD10B420>
67,539,225,41,6,2023-01-03 18:00:00,<function <lambda> at 0x0000018CAD10B420>
68,739,967,167,1,2023-01-03 19:00:00,<function <lambda> at 0x0000018CAD10B420>
69,2,890,922,9,2023-01-03 20:00:00,<function <lambda> at 0x0000018CAD10B420>
70,871,792,642,6,2023-01-03 21:00:00,<function <lambda> at 0x0000018CAD10B420>
71,101,11,23,4,2023-01-03 22:00:00,<function <lambda> at 0x0000018CAD10B420>
72,533,329,279,4,2023-01-03 23:00:00,<function <lambda> at 0x0000018CAD10B420>
73,58,12,763,3,2023-01-04 00:00:00,<function <lambda> at 0x0000018CAD10B420>
74,389,35,469,7,2023-01-04 01:00:00,<function <lambda> at 0x0000018CAD10B420>
75,692,447,400,3,2023-01-04 02:00:00,<function <lambda> at 0x0000018CAD10B420>
76,941,452,9,2,2023-01-04 03:00:00,<function <lambda> at 0x0000018CAD10B420>
77,341,740,13,8,2023-01-04 04:00:00,<function <lambda> at 0x0000018CAD10B420>
78,861,220,924,4,2023-01-04 05:00:00,<function <lambda> at 0x0000018CAD10B420>
79,20,441,923,8,2023-01-04 06:00:00,<function <lambda> at 0x0000018CAD10B420>
80,255,653,819,1,2023-01-04 07:00:00,<function <lambda> at 0x0000018CAD10B420>
81,317,535,832,5,2023-01-04 08:00:00,<function <lambda> at 0x0000018CAD10B420>
82,38,595,52,9,2023-01-04 09:00:00,<function <lambda> at 0x0000018CAD10B420>
83,660,229,209,1,2023-01-04 10:00:00,<function <lambda> at 0x0000018CAD10B420>
84,537,935,550,4,2023-01-04 11:00:00,<function <lambda> at 0x0000018CAD10B420>
85,386,344,612,6,2023-01-04 12:00:00,<function <lambda> at 0x0000018CAD10B420>
86,633,80,705,8,2023-01-04 13:00:00,<function <lambda> at 0x0000018CAD10B420>
87,928,353,402,3,2023-01-04 14:00:00,<function <lambda> at 0x0000018CAD10B420>
88,26,396,191,5,2023-01-04 15:00:00,<function <lambda> at 0x0000018CAD10B420>
89,454,290,51,7,2023-01-04 16:00:00,<function <lambda> at 0x0000018CAD10B420>
90,681,455,393,1,2023-01-04 17:00:00,<function <lambda> at 0x0000018CAD10B420>
91,323,843,653,7,2023-01-04 18:00:00,<function <lambda> at 0x0000018CAD10B420>
92,737,671,680,8,2023-01-04 19:00:00,<function <lambda> at 0x0000018CAD10B420>
93,513,989,823,8,2023-01-04 20:00:00,<function <lambda> at 0x0000018CAD10B420>
94,819,128,621,9,2023-01-04 21:00:00,<function <lambda> at 0x0000018CAD10B420>
95,773,702,719,6,2023-01-04 22:00:00,<function <lambda> at 0x0000018CAD10B420>
96,13,909,939,6,2023-01-04 23:00:00,<function <lambda> at 0x0000018CAD10B420>
97,915,543,300,2,2023-01-05 00:00:00,<function <lambda> at 0x0000018CAD10B420>
98,908,898,622,3,2023-01-05 01:00:00,<function <lambda> at 0x0000018CAD10B420>
99,560,359,196,4,2023-01-05 02:00:00,<function <lambda> at 0x0000018CAD10B420>
100,921,527,417,4,2023-01-05 03:00:00,<function <lambda> at 0x0000018CAD10B420>
101,825,313,664,8,2023-01-05 04:00:00,<function <lambda> at 0x0000018CAD10B420>
102,371,75,420,1,2023-01-05 05:00:00,<function <lambda> at 0x0000018CAD10B420>
103,291,546,755,4,2023-01-05 06:00:00,<function <lambda> at 0x0000018CAD10B420>
104,332,871,640,4,2023-01-05 07:00:00,<function <lambda> at 0x0000018CAD10B420>
105,606,196,617,1,2023-01-05 08:00:00,<function <lambda> at 0x0000018CAD10B420>
106,261,843,522,3,2023-01-05 09:00:00,<function <lambda> at 0x0000018CAD10B420>
107,994,29,356,5,2023-01-05 10:00:00,<function <lambda> at 0x0000018CAD10B420>
108,790,706,148,6,2023-01-05 11:00:00,<function <lambda> at 0x0000018CAD10B420>
109,871,16,365,9,2023-01-05 12:00:00,<function <lambda> at 0x0000018CAD10B420>
110,205,423,364,9,2023-01-05 13:00:00,<function <lambda> at 0x0000018CAD10B420>
111,697,589,971,9,2023-01-05 14:00:00,<function <lambda> at 0x0000018CAD10B420>
112,687,805,652,1,2023-01-05 15:00:00,<function <lambda> at 0x0000018CAD10B420>
113,950,593,702,9,2023-01-05 16:00:00,<function <lambda> at 0x0000018CAD10B420>
114,387,405,402,8,2023-01-05 17:00:00,<function <lambda> at 0x0000018CAD10B420>
115,892,940,606,2,2023-01-05 18:00:00,<function <lambda> at 0x0000018CAD10B420>
116,821,636,492,1,2023-01-05 19:00:00,<function <lambda> at 0x0000018CAD10B420>
117,468,531,229,1,2023-01-05 20:00:00,<function <lambda> at 0x0000018CAD10B420>
118,415,967,575,6,2023-01-05 21:00:00,<function <lambda> at 0x0000018CAD10B420>
119,69,614,852,9,2023-01-05 22:00:00,<function <lambda> at 0x0000018CAD10B420>
120,472,904,537,7,2023-01-05 23:00:00,<function <lambda> at 0x0000018CAD10B420>
121,104,77,268,5,2023-01-06 00:00:00,<function <lambda> at 0x0000018CAD10B420>
122,758,229,405,2,2023-01-06 01:00:00,<function <lambda> at 0x0000018CAD10B420>
123,161,962,793,1,2023-01-06 02:00:00,<function <lambda> at 0x0000018CAD10B420>
124,200,297,11,2,2023-01-06 03:00:00,<function <lambda> at 0x0000018CAD10B420>
125,216,510,320,1,2023-01-06 04:00:00,<function <lambda> at 0x0000018CAD10B420>
126,946,715,713,3,2023-01-06 05:00:00,<function <lambda> at 0x0000018CAD10B420>
127,212,984,126,6,2023-01-06 06:00:00,<function <lambda> at 0x0000018CAD10B420>
128,508,966,306,8,2023-01-06 07:00:00,<function <lambda> at 0x0000018CAD10B420>
129,16,573,702,3,2023-01-06 08:00:00,<function <lambda> at 0x0000018CAD10B420>
130,498,538,511,9,2023-01-06 09:00:00,<function <lambda> at 0x0000018CAD10B420>
131,884,583,89,5,2023-01-06 10:00:00,<function <lambda> at 0x0000018CAD10B420>
132,332,615,355,7,2023-01-06 11:00:00,<function <lambda> at 0x0000018CAD10B420>
133,717,979,628,8,2023-01-06 12:00:00,<function <lambda> at 0x0000018CAD10B420>
134,877,326,352,3,2023-01-06 13:00:00,<function <lambda> at 0x0000018CAD10B420>
135,551,363,689,2,2023-01-06 14:00:00,<function <lambda> at 0x0000018CAD10B420>
136,601,669,14,2,2023-01-06 15:00:00,<function <lambda> at 0x0000018CAD10B420>
137,942,875,257,5,2023-01-06 16:00:00,<function <lambda> at 0x0000018CAD10B420>
138,256,359,209,1,2023-01-06 17:00:00,<function <lambda> at 0x0000018CAD10B420>
139,992,706,281,2,2023-01-06 18:00:00,<function <lambda> at 0x0000018CAD10B420>
140,766,787,443,9,2023-01-06 19:00:00,<function <lambda> at 0x0000018CAD10B420>
141,728,324,840,7,2023-01-06 20:00:00,<function <lambda> at 0x0000018CAD10B420>
142,880,698,837,6,2023-01-06 21:00:00,<function <lambda> at 0x0000018CAD10B420>
143,815,326,389,9,2023-01-06 22:00:00,<function <lambda> at 0x0000018CAD10B420>
144,172,625,617,7,2023-01-06 23:00:00,<function <lambda> at 0x0000018CAD10B420>
145,649,825,483,5,2023-01-07 00:00:00,<function <lambda> at 0x0000018CAD10B420>
146,1000,165,147,9,2023-01-07 01:00:00,<function <lambda> at 0x0000018CAD10B420>
147,498,573,279,6,2023-01-07 02:00:00,<function <lambda> at 0x0000018CAD10B420>
148,471,604,521,6,2023-01-07 03:00:00,<function <lambda> at 0x0000018CAD10B420>
149,384,798,630,4,2023-01-07 04:00:00,<function <lambda> at 0x0000018CAD10B420>
150,690,455,606,1,2023-01-07 05:00:00,<function <lambda> at 0x0000018CAD10B420>
151,589,969,434,5,2023-01-07 06:00:00,<function <lambda> at 0x0000018CAD10B420>
152,700,153,144,9,2023-01-07 07:00:00,<function <lambda> at 0x0000018CAD10B420>
153,507,737,289,8,2023-01-07 08:00:00,<function <lambda> at 0x0000018CAD10B420>
154,992,127,386,8,2023-01-07 09:00:00,<function <lambda> at 0x0000018CAD10B420>
155,527,193,14,5,2023-01-07 10:00:00,<function <lambda> at 0x0000018CAD10B420>
156,804,627,257,9,2023-01-07 11:00:00,<function <lambda> at 0x0000018CAD10B420>
157,831,774,346,3,2023-01-07 12:00:00,<function <lambda> at 0x0000018CAD10B420>
158,325,530,698,3,2023-01-07 13:00:00,<function <lambda> at 0x0000018CAD10B420>
159,214,10,345,1,2023-01-07 14:00:00,<function <lambda> at 0x0000018CAD10B420>
160,208,92,400,9,2023-01-07 15:00:00,<function <lambda> at 0x0000018CAD10B420>
161,169,139,207,6,2023-01-07 16:00:00,<function <lambda> at 0x0000018CAD10B420>
162,330,481,858,2,2023-01-07 17:00:00,<function <lambda> at 0x0000018CAD10B420>
163,280,449,943,8,2023-01-07 18:00:00,<function <lambda> at 0x0000018CAD10B420>
164,978,333,172,9,2023-01-07 19:00:00,<function <lambda> at 0x0000018CAD10B420>
165,305,869,464,9,2023-01-07 20:00:00,<function <lambda> at 0x0000018CAD10B420>
166,146,340,270,2,2023-01-07 21:00:00,<function <lambda> at 0x0000018CAD10B420>
167,775,961,221,2,2023-01-07 22:00:00,<function <lambda> at 0x0000018CAD10B420>
168,516,52,152,7,2023-01-07 23:00:00,<function <lambda> at 0x0000018CAD10B420>
169,90,707,623,4,2023-01-08 00:00:00,<function <lambda> at 0x0000018CAD10B420>
170,453,466,183,1,2023-01-08 01:00:00,<function <lambda> at 0x0000018CAD10B420>
171,60,718,399,8,2023-01-08 02:00:00,<function <lambda> at 0x0000018CAD10B420>
172,311,799,851,2,2023-01-08 03:00:00,<function <lambda> at 0x0000018CAD10B420>
173,528,475,72,3,2023-01-08 04:00:00,<function <lambda> at 0x0000018CAD10B420>
174,227,401,418,5,2023-01-08 05:00:00,<function <lambda> at 0x0000018CAD10B420>
175,474,439,898,3,2023-01-08 06:00:00,<function <lambda> at 0x0000018CAD10B420>
176,978,878,283,7,2023-01-08 07:00:00,<function <lambda> at 0x0000018CAD10B420>
177,541,605,74,7,2023-01-08 08:00:00,<function <lambda> at 0x0000018CAD10B420>
178,663,932,355,2,2023-01-08 09:00:00,<function <lambda> at 0x0000018CAD10B420>
179,757,997,727,7,2023-01-08 10:00:00,<function <lambda> at 0x0000018CAD10B420>
180,782,922,497,6,2023-01-08 11:00:00,<function <lambda> at 0x0000018CAD10B420>
181,79,821,328,9,2023-01-08 12:00:00,<function <lambda> at 0x0000018CAD10B420>
182,433,657,988,9,2023-01-08 13:00:00,<function <lambda> at 0x0000018CAD10B420>
183,801,598,535,2,2023-01-08 14:00:00,<function <lambda> at 0x0000018CAD10B420>
184,153,509,580,7,2023-01-08 15:00:00,<function <lambda> at 0x0000018CAD10B420>
185,789,153,910,5,2023-01-08 16:00:00,<function <lambda> at 0x0000018CAD10B420>
186,401,514,447,6,2023-01-08 17:00:00,<function <lambda> at 0x0000018CAD10B420>
187,279,503,373,1,2023-01-08 18:00:00,<function <lambda> at 0x0000018CAD10B420>
188,57,854,362,7,2023-01-08 19:00:00,<function <lambda> at 0x0000018CAD10B420>
189,977,901,93,6,2023-01-08 20:00:00,<function <lambda> at 0x0000018CAD10B420>
190,186,772,321,4,2023-01-08 21:00:00,<function <lambda> at 0x0000018CAD10B420>
191,398,676,324,1,2023-01-08 22:00:00,<function <lambda> at 0x0000018CAD10B420>
192,605,6,384,9,2023-01-08 23:00:00,<function <lambda> at 0x0000018CAD10B420>
193,788,500,575,4,2023-01-09 00:00:00,<function <lambda> at 0x0000018CAD10B420>
194,158,661,736,2,2023-01-09 01:00:00,<function <lambda> at 0x0000018CAD10B420>
195,787,717,737,8,2023-01-09 02:00:00,<function <lambda> at 0x0000018CAD10B420>
196,693,118,881,2,2023-01-09 03:00:00,<function <lambda> at 0x0000018CAD10B420>
197,359,485,346,5,2023-01-09 04:00:00,<function <lambda> at 0x0000018CAD10B420>
198,440,601,849,6,2023-01-09 05:00:00,<function <lambda> at 0x0000018CAD10B420>
199,589,666,103,8,2023-01-09 06:00:00,<function <lambda> at 0x0000018CAD10B420>
200,466,951,215,1,2023-01-09 07:00:00,<function <lambda> at 0x0000018CAD10B420>
201,663,679,192,1,2023-01-09 08:00:00,<function <lambda> at 0x0000018CAD10B420>
202,446,468,672,4,2023-01-09 09:00:00,<function <lambda> at 0x0000018CAD10B420>
203,750,161,884,5,2023-01-09 10:00:00,<function <lambda> at 0x0000018CAD10B420>
204,801,270,719,9,2023-01-09 11:00:00,<function <lambda> at 0x0000018CAD10B420>
205,743,56,781,7,2023-01-09 12:00:00,<function <lambda> at 0x0000018CAD10B420>
206,488,228,194,7,2023-01-09 13:00:00,<function <lambda> at 0x0000018CAD10B420>
207,530,849,380,8,2023-01-09 14:00:00,<function <lambda> at 0x0000018CAD10B420>
208,73,149,403,5,2023-01-09 15:00:00,<function <lambda> at 0x0000018CAD10B420>
209,929,46,664,5,2023-01-09 16:00:00,<function <lambda> at 0x0000018CAD10B420>
210,928,144,749,1,2023-01-09 17:00:00,<function <lambda> at 0x0000018CAD10B420>
211,701,750,600,9,2023-01-09 18:00:00,<function <lambda> at 0x0000018CAD10B420>
212,950,784,11,6,2023-01-09 19:00:00,<function <lambda> at 0x0000018CAD10B420>
213,17,632,187,9,2023-01-09 20:00:00,<function <lambda> at 0x0000018CAD10B420>
214,531,340,726,3,2023-01-09 21:00:00,<function <lambda> at 0x0000018CAD10B420>
215,731,413,15,5,2023-01-09 22:00:00,<function <lambda> at 0x0000018CAD10B420>
216,326,732,778,2,2023-01-09 23:00:00,<function <lambda> at 0x0000018CAD10B420>
217,995,520,297,5,2023-01-10 00:00:00,<function <lambda> at 0x0000018CAD10B420>
218,632,344,411,8,2023-01-10 01:00:00,<function <lambda> at 0x0000018CAD10B420>
219,613,387,956,2,2023-01-10 02:00:00,<function <lambda> at 0x0000018CAD10B420>
220,546,473,585,8,2023-01-10 03:00:00,<function <lambda> at 0x0000018CAD10B420>
221,596,275,52,4,2023-01-10 04:00:00,<function <lambda> at 0x0000018CAD10B420>
222,921,353,640,1,2023-01-10 05:00:00,<function <lambda> at 0x0000018CAD10B420>
223,708,66,28,5,2023-01-10 06:00:00,<function <lambda> at 0x0000018CAD10B420>
224,842,79,577,1,2023-01-10 07:00:00,<function <lambda> at 0x0000018CAD10B420>
225,202,598,17,7,2023-01-10 08:00:00,<function <lambda> at 0x0000018CAD10B420>
226,344,636,351,8,2023-01-10 09:00:00,<function <lambda> at 0x0000018CAD10B420>
227,853,202,428,3,2023-01-10 10:00:00,<function <lambda> at 0x0000018CAD10B420>
228,523,978,650,3,2023-01-10 11:00:00,<function <lambda> at 0x0000018CAD10B420>
229,859,662,831,7,2023-01-10 12:00:00,<function <lambda> at 0x0000018CAD10B420>
230,400,558,229,4,2023-01-10 13:00:00,<function <lambda> at 0x0000018CAD10B420>
231,218,113,766,3,2023-01-10 14:00:00,<function <lambda> at 0x0000018CAD10B420>
232,445,91,989,8,2023-01-10 15:00:00,<function <lambda> at 0x0000018CAD10B420>
233,765,141,210,3,2023-01-10 16:00:00,<function <lambda> at 0x0000018CAD10B420>
234,222,289,431,7,2023-01-10 17:00:00,<function <lambda> at 0x0000018CAD10B420>
235,383,901,294,2,2023-01-10 18:00:00,<function <lambda> at 0x0000018CAD10B420>
236,881,730,743,1,2023-01-10 19:00:00,<function <lambda> at 0x0000018CAD10B420>
237,592,589,753,6,2023-01-10 20:00:00,<function <lambda> at 0x0000018CAD10B420>
238,7,411,582,8,2023-01-10 21:00:00,<function <lambda> at 0x0000018CAD10B420>
239,272,377,104,1,2023-01-10 22:00:00,<function <lambda> at 0x0000018CAD10B420>
240,739,384,204,9,2023-01-10 23:00:00,<function <lambda> at 0x0000018CAD10B420>
241,16,846,53,3,2023-01-11 00:00:00,<function <lambda> at 0x0000018CAD10B420>
242,424,152,974,3,2023-01-11 01:00:00,<function <lambda> at 0x0000018CAD10B420>
243,524,835,940,4,2023-01-11 02:00:00,<function <lambda> at 0x0000018CAD10B420>
244,803,751,375,1,2023-01-11 03:00:00,<function <lambda> at 0x0000018CAD10B420>
245,753,627,842,9,2023-01-11 04:00:00,<function <lambda> at 0x0000018CAD10B420>
246,21,319,54,3,2023-01-11 05:00:00,<function <lambda> at 0x0000018CAD10B420>
247,690,369,276,4,2023-01-11 06:00:00,<function <lambda> at 0x0000018CAD10B420>
248,939,606,335,1,2023-01-11 07:00:00,<function <lambda> at 0x0000018CAD10B420>
249,228,995,31,4,2023-01-11 08:00:00,<function <lambda> at 0x0000018CAD10B420>
250,785,560,135,1,2023-01-11 09:00:00,<function <lambda> at 0x0000018CAD10B420>
251,288,703,58,5,2023-01-11 10:00:00,<function <lambda> at 0x0000018CAD10B420>
252,809,462,105,5,2023-01-11 11:00:00,<function <lambda> at 0x0000018CAD10B420>
253,134,12,266,7,2023-01-11 12:00:00,<function <lambda> at 0x0000018CAD10B420>
254,984,156,522,8,2023-01-11 13:00:00,<function <lambda> at 0x0000018CAD10B420>
255,283,684,496,4,2023-01-11 14:00:00,<function <lambda> at 0x0000018CAD10B420>
256,404,477,253,7,2023-01-11 15:00:00,<function <lambda> at 0x0000018CAD10B420>
257,665,939,295,4,2023-01-11 16:00:00,<function <lambda> at 0x0000018CAD10B420>
258,66,401,668,3,2023-01-11 17:00:00,<function <lambda> at 0x0000018CAD10B420>
259,649,808,158,6,2023-01-11 18:00:00,<function <lambda> at 0x0000018CAD10B420>
260,604,177,549,4,2023-01-11 19:00:00,<function <lambda> at 0x0000018CAD10B420>
261,437,341,631,3,2023-01-11 20:00:00,<function <lambda> at 0x0000018CAD10B420>
262,829,57,67,9,2023-01-11 21:00:00,<function <lambda> at 0x0000018CAD10B420>
263,934,855,754,5,2023-01-11 22:00:00,<function <lambda> at 0x0000018CAD10B420>
264,259,852,299,7,2023-01-11 23:00:00,<function <lambda> at 0x0000018CAD10B420>
265,980,448,463,6,2023-01-12 00:00:00,<function <lambda> at 0x0000018CAD10B420>
266,966,203,725,5,2023-01-12 01:00:00,<function <lambda> at 0x0000018CAD10B420>
267,103,697,820,7,2023-01-12 02:00:00,<function <lambda> at 0x0000018CAD10B420>
268,993,633,101,6,2023-01-12 03:00:00,<function <lambda> at 0x0000018CAD10B420>
269,567,738,56,2,2023-01-12 04:00:00,<function <lambda> at 0x0000018CAD10B420>
270,769,202,332,3,2023-01-12 05:00:00,<function <lambda> at 0x0000018CAD10B420>
271,101,330,836,2,2023-01-12 06:00:00,<function <lambda> at 0x0000018CAD10B420>
272,198,363,751,3,2023-01-12 07:00:00,<function <lambda> at 0x0000018CAD10B420>
273,813,892,393,1,2023-01-12 08:00:00,<function <lambda> at 0x0000018CAD10B420>
274,226,454,743,8,2023-01-12 09:00:00,<function <lambda> at 0x0000018CAD10B420>
275,943,356,874,6,2023-01-12 10:00:00,<function <lambda> at 0x0000018CAD10B420>
276,463,216,381,2,2023-01-12 11:00:00,<function <lambda> at 0x0000018CAD10B420>
277,237,972,92,8,2023-01-12 12:00:00,<function <lambda> at 0x0000018CAD10B420>
278,26,555,791,6,2023-01-12 13:00:00,<function <lambda> at 0x0000018CAD10B420>
279,121,887,447,7,2023-01-12 14:00:00,<function <lambda> at 0x0000018CAD10B420>
280,910,23,109,1,2023-01-12 15:00:00,<function <lambda> at 0x0000018CAD10B420>
281,506,155,317,7,2023-01-12 16:00:00,<function <lambda> at 0x0000018CAD10B420>
282,182,186,168,3,2023-01-12 17:00:00,<function <lambda> at 0x0000018CAD10B420>
283,711,249,812,8,2023-01-12 18:00:00,<function <lambda> at 0x0000018CAD10B420>
284,814,749,982,6,2023-01-12 19:00:00,<function <lambda> at 0x0000018CAD10B420>
285,767,805,920,4,2023-01-12 20:00:00,<function <lambda> at 0x0000018CAD10B420>
286,634,134,435,8,2023-01-12 21:00:00,<function <lambda> at 0x0000018CAD10B420>
287,543,321,442,9,2023-01-12 22:00:00,<function <lambda> at 0x0000018CAD10B420>
288,984,390,218,2,2023-01-12 23:00:00,<function <lambda> at 0x0000018CAD10B420>
289,315,434,222,6,2023-01-13 00:00:00,<function <lambda> at 0x0000018CAD10B420>
290,991,22,673,5,2023-01-13 01:00:00,<function <lambda> at 0x0000018CAD10B420>
291,797,873,528,5,2023-01-13 02:00:00,<function <lambda> at 0x0000018CAD10B420>
292,618,600,278,3,2023-01-13 03:00:00,<function <lambda> at 0x0000018CAD10B420>
293,736,665,569,8,2023-01-13 04:00:00,<function <lambda> at 0x0000018CAD10B420>
294,273,125,574,8,2023-01-13 05:00:00,<function <lambda> at 0x0000018CAD10B420>
295,910,79,875,5,2023-01-13 06:00:00,<function <lambda> at 0x0000018CAD10B420>
296,232,858,466,8,2023-01-13 07:00:00,<function <lambda> at 0x0000018CAD10B420>
297,420,968,839,8,2023-01-13 08:00:00,<function <lambda> at 0x0000018CAD10B420>
298,768,51,754,3,2023-01-13 09:00:00,<function <lambda> at 0x0000018CAD10B420>
299,442,728,602,2,2023-01-13 10:00:00,<function <lambda> at 0x0000018CAD10B420>
300,496,176,584,9,2023-01-13 11:00:00,<function <lambda> at 0x0000018CAD10B420>
301,24,870,838,2,2023-01-13 12:00:00,<function <lambda> at 0x0000018CAD10B420>
302,109,253,30,9,2023-01-13 13:00:00,<function <lambda> at 0x0000018CAD10B420>
303,703,966,359,4,2023-01-13 14:00:00,<function <lambda> at 0x0000018CAD10B420>
304,502,246,919,2,2023-01-13 15:00:00,<function <lambda> at 0x0000018CAD10B420>
305,859,739,288,1,2023-01-13 16:00:00,<function <lambda> at 0x0000018CAD10B420>
306,25,106,86,4,2023-01-13 17:00:00,<function <lambda> at 0x0000018CAD10B420>
307,187,193,234,9,2023-01-13 18:00:00,<function <lambda> at 0x0000018CAD10B420>
308,288,316,747,9,2023-01-13 19:00:00,<function <lambda> at 0x0000018CAD10B420>
309,628,302,313,4,2023-01-13 20:00:00,<function <lambda> at 0x0000018CAD10B420>
310,338,548,365,9,2023-01-13 21:00:00,<function <lambda> at 0x0000018CAD10B420>
311,878,954,777,6,2023-01-13 22:00:00,<function <lambda> at 0x0000018CAD10B420>
312,914,716,799,1,2023-01-13 23:00:00,<function <lambda> at 0x0000018CAD10B420>
313,37,934,839,6,2023-01-14 00:00:00,<function <lambda> at 0x0000018CAD10B420>
314,794,779,905,9,2023-01-14 01:00:00,<function <lambda> at 0x0000018CAD10B420>
315,137,268,269,2,2023-01-14 02:00:00,<function <lambda> at 0x0000018CAD10B420>
316,508,170,698,6,2023-01-14 03:00:00,<function <lambda> at 0x0000018CAD10B420>
317,227,551,131,2,2023-01-14 04:00:00,<function <lambda> at 0x0000018CAD10B420>
318,320,455,803,4,2023-01-14 05:00:00,<function <lambda> at 0x0000018CAD10B420>
319,840,651,993,8,2023-01-14 06:00:00,<function <lambda> at 0x0000018CAD10B420>
320,916,292,789,7,2023-01-14 07:00:00,<function <lambda> at 0x0000018CAD10B420>
321,182,564,832,9,2023-01-14 08:00:00,<function <lambda> at 0x0000018CAD10B420>
322,874,799,351,7,2023-01-14 09:00:00,<function <lambda> at 0x0000018CAD10B420>
323,86,801,180,1,2023-01-14 10:00:00,<function <lambda> at 0x0000018CAD10B420>
324,467,141,802,2,2023-01-14 11:00:00,<function <lambda> at 0x0000018CAD10B420>
325,926,146,480,6,2023-01-14 12:00:00,<function <lambda> at 0x0000018CAD10B420>
326,53,425,889,7,2023-01-14 13:00:00,<function <lambda> at 0x0000018CAD10B420>
327,860,314,163,3,2023-01-14 14:00:00,<function <lambda> at 0x0000018CAD10B420>
328,867,184,783,9,2023-01-14 15:00:00,<function <lambda> at 0x0000018CAD10B420>
329,235,664,888,7,2023-01-14 16:00:00,<function <lambda> at 0x0000018CAD10B420>
330,959,713,96,6,2023-01-14 17:00:00,<function <lambda> at 0x0000018CAD10B420>
331,779,128,774,6,2023-01-14 18:00:00,<function <lambda> at 0x0000018CAD10B420>
332,799,287,510,1,2023-01-14 19:00:00,<function <lambda> at 0x0000018CAD10B420>
333,433,823,365,5,2023-01-14 20:00:00,<function <lambda> at 0x0000018CAD10B420>
334,496,253,981,3,2023-01-14 21:00:00,<function <lambda> at 0x0000018CAD10B420>
335,999,778,353,7,2023-01-14 22:00:00,<function <lambda> at 0x0000018CAD10B420>
336,100,700,800,3,2023-01-14 23:00:00,<function <lambda> at 0x0000018CAD10B420>
337,990,386,436,5,2023-01-15 00:00:00,<function <lambda> at 0x0000018CAD10B420>
338,599,230,83,7,2023-01-15 01:00:00,<function <lambda> at 0x0000018CAD10B420>
339,403,271,225,3,2023-01-15 02:00:00,<function <lambda> at 0x0000018CAD10B420>
340,396,771,412,2,2023-01-15 03:00:00,<function <lambda> at 0x0000018CAD10B420>
341,527,811,735,6,2023-01-15 04:00:00,<function <lambda> at 0x0000018CAD10B420>
342,415,415,981,8,2023-01-15 05:00:00,<function <lambda> at 0x0000018CAD10B420>
343,939,198,118,4,2023-01-15 06:00:00,<function <lambda> at 0x0000018CAD10B420>
344,613,323,482,9,2023-01-15 07:00:00,<function <lambda> at 0x0000018CAD10B420>
345,677,56,192,8,2023-01-15 08:00:00,<function <lambda> at 0x0000018CAD10B420>
346,463,831,591,7,2023-01-15 09:00:00,<function <lambda> at 0x0000018CAD10B420>
347,541,203,590,7,2023-01-15 10:00:00,<function <lambda> at 0x0000018CAD10B420>
348,626,783,659,3,2023-01-15 11:00:00,<function <lambda> at 0x0000018CAD10B420>
349,619,621,107,6,2023-01-15 12:00:00,<function <lambda> at 0x0000018CAD10B420>
350,922,628,382,5,2023-01-15 13:00:00,<function <lambda> at 0x0000018CAD10B420>
351,364,604,783,1,2023-01-15 14:00:00,<function <lambda> at 0x0000018CAD10B420>
352,130,138,390,3,2023-01-15 15:00:00,<function <lambda> at 0x0000018CAD10B420>
353,84,422,244,1,2023-01-15 16:00:00,<function <lambda> at 0x0000018CAD10B420>
354,271,815,585,4,2023-01-15 17:00:00,<function <lambda> at 0x0000018CAD10B420>
355,244,57,869,3,2023-01-15 18:00:00,<function <lambda> at 0x0000018CAD10B420>
356,388,562,468,4,2023-01-15 19:00:00,<function <lambda> at 0x0000018CAD10B420>
357,214,71,866,9,2023-01-15 20:00:00,<function <lambda> at 0x0000018CAD10B420>
358,818,911,934,3,2023-01-15 21:00:00,<function <lambda> at 0x0000018CAD10B420>
359,166,914,538,6,2023-01-15 22:00:00,<function <lambda> at 0x0000018CAD10B420>
360,791,594,210,6,2023-01-15 23:00:00,<function <lambda> at 0x0000018CAD10B420>
361,59,372,604,7,2023-01-16 00:00:00,<function <lambda> at 0x0000018CAD10B420>
362,602,617,637,9,2023-01-16 01:00:00,<function <lambda> at 0x0000018CAD10B420>
363,883,600,947,7,2023-01-16 02:00:00,<function <lambda> at 0x0000018CAD10B420>
364,843,514,73,1,2023-01-16 03:00:00,<function <lambda> at 0x0000018CAD10B420>
365,924,872,992,8,2023-01-16 04:00:00,<function <lambda> at 0x0000018CAD10B420>
366,504,84,635,5,2023-01-16 05:00:00,<function <lambda> at 0x0000018CAD10B420>
367,706,994,309,9,2023-01-16 06:00:00,<function <lambda> at 0x0000018CAD10B420>
368,123,43,696,5,2023-01-16 07:00:00,<function <lambda> at 0x0000018CAD10B420>
369,648,666,699,5,2023-01-16 08:00:00,<function <lambda> at 0x0000018CAD10B420>
370,413,839,710,2,2023-01-16 09:00:00,<function <lambda> at 0x0000018CAD10B420>
371,139,934,590,3,2023-01-16 10:00:00,<function <lambda> at 0x0000018CAD10B420>
372,229,606,860,9,2023-01-16 11:00:00,<function <lambda> at 0x0000018CAD10B420>
373,274,810,186,7,2023-01-16 12:00:00,<function <lambda> at 0x0000018CAD10B420>
374,439,133,856,1,2023-01-16 13:00:00,<function <lambda> at 0x0000018CAD10B420>
375,562,395,253,3,2023-01-16 14:00:00,<function <lambda> at 0x0000018CAD10B420>
376,910,65,13,2,2023-01-16 15:00:00,<function <lambda> at 0x0000018CAD10B420>
377,118,290,299,1,2023-01-16 16:00:00,<function <lambda> at 0x0000018CAD10B420>
378,714,376,76,9,2023-01-16 17:00:00,<function <lambda> at 0x0000018CAD10B420>
379,995,769,51,8,2023-01-16 18:00:00,<function <lambda> at 0x0000018CAD10B420>
380,905,467,787,5,2023-01-16 19:00:00,<function <lambda> at 0x0000018CAD10B420>
381,483,898,149,2,2023-01-16 20:00:00,<function <lambda> at 0x0000018CAD10B420>
382,395,213,731,1,2023-01-16 21:00:00,<function <lambda> at 0x0000018CAD10B420>
383,703,148,122,7,2023-01-16 22:00:00,<function <lambda> at 0x0000018CAD10B420>
384,876,573,211,2,2023-01-16 23:00:00,<function <lambda> at 0x0000018CAD10B420>
385,460,471,280,1,2023-01-17 00:00:00,<function <lambda> at 0x0000018CAD10B420>
386,835,149,538,2,2023-01-17 01:00:00,<function <lambda> at 0x0000018CAD10B420>
387,693,88,685,7,2023-01-17 02:00:00,<function <lambda> at 0x0000018CAD10B420>
388,935,324,156,7,2023-01-17 03:00:00,<function <lambda> at 0x0000018CAD10B420>
389,78,895,238,6,2023-01-17 04:00:00,<function <lambda> at 0x0000018CAD10B420>
390,952,396,376,5,2023-01-17 05:00:00,<function <lambda> at 0x0000018CAD10B420>
391,412,790,82,3,2023-01-17 06:00:00,<function <lambda> at 0x0000018CAD10B420>
392,75,404,492,3,2023-01-17 07:00:00,<function <lambda> at 0x0000018CAD10B420>
393,295,82,356,9,2023-01-17 08:00:00,<function <lambda> at 0x0000018CAD10B420>
394,793,641,925,4,2023-01-17 09:00:00,<function <lambda> at 0x0000018CAD10B420>
395,21,286,273,9,2023-01-17 10:00:00,<function <lambda> at 0x0000018CAD10B420>
396,906,382,580,4,2023-01-17 11:00:00,<function <lambda> at 0x0000018CAD10B420>
397,171,865,44,2,2023-01-17 12:00:00,<function <lambda> at 0x0000018CAD10B420>
398,15,792,573,4,2023-01-17 13:00:00,<function <lambda> at 0x0000018CAD10B420>
399,211,270,123,6,2023-01-17 14:00:00,<function <lambda> at 0x0000018CAD10B420>
400,560,292,349,6,2023-01-17 15:00:00,<function <lambda> at 0x0000018CAD10B420>
401,86,453,708,5,2023-01-17 16:00:00,<function <lambda> at 0x0000018CAD10B420>
402,149,715,330,1,2023-01-17 17:00:00,<function <lambda> at 0x0000018CAD10B420>
403,700,24,409,3,2023-01-17 18:00:00,<function <lambda> at 0x0000018CAD10B420>
404,372,956,991,5,2023-01-17 19:00:00,<function <lambda> at 0x0000018CAD10B420>
405,480,863,323,6,2023-01-17 20:00:00,<function <lambda> at 0x0000018CAD10B420>
406,818,311,111,1,2023-01-17 21:00:00,<function <lambda> at 0x0000018CAD10B420>
407,151,461,770,9,2023-01-17 22:00:00,<function <lambda> at 0x0000018CAD10B420>
408,141,208,89,3,2023-01-17 23:00:00,<function <lambda> at 0x0000018CAD10B420>
409,69,792,433,3,2023-01-18 00:00:00,<function <lambda> at 0x0000018CAD10B420>
410,260,717,710,2,2023-01-18 01:00:00,<function <lambda> at 0x0000018CAD10B420>
411,988,664,794,8,2023-01-18 02:00:00,<function <lambda> at 0x0000018CAD10B420>
412,846,438,712,3,2023-01-18 03:00:00,<function <lambda> at 0x0000018CAD10B420>
413,968,538,99,6,2023-01-18 04:00:00,<function <lambda> at 0x0000018CAD10B420>
414,521,706,539,2,2023-01-18 05:00:00,<function <lambda> at 0x0000018CAD10B420>
415,633,336,601,7,2023-01-18 06:00:00,<function <lambda> at 0x0000018CAD10B420>
416,371,422,146,4,2023-01-18 07:00:00,<function <lambda> at 0x0000018CAD10B420>
417,419,750,694,9,2023-01-18 08:00:00,<function <lambda> at 0x0000018CAD10B420>
418,101,321,257,9,2023-01-18 09:00:00,<function <lambda> at 0x0000018CAD10B420>
419,661,497,189,7,2023-01-18 10:00:00,<function <lambda> at 0x0000018CAD10B420>
420,954,587,240,8,2023-01-18 11:00:00,<function <lambda> at 0x0000018CAD10B420>
421,658,947,871,3,2023-01-18 12:00:00,<function <lambda> at 0x0000018CAD10B420>
422,865,163,899,5,2023-01-18 13:00:00,<function <lambda> at 0x0000018CAD10B420>
423,968,811,503,2,2023-01-18 14:00:00,<function <lambda> at 0x0000018CAD10B420>
424,243,541,708,7,2023-01-18 15:00:00,<function <lambda> at 0x0000018CAD10B420>
425,753,165,809,8,2023-01-18 16:00:00,<function <lambda> at 0x0000018CAD10B420>
426,512,849,677,9,2023-01-18 17:00:00,<function <lambda> at 0x0000018CAD10B420>
427,849,698,819,7,2023-01-18 18:00:00,<function <lambda> at 0x0000018CAD10B420>
428,555,566,271,8,2023-01-18 19:00:00,<function <lambda> at 0x0000018CAD10B420>
429,95,295,520,9,2023-01-18 20:00:00,<function <lambda> at 0x0000018CAD10B420>
430,226,42,550,6,2023-01-18 21:00:00,<function <lambda> at 0x0000018CAD10B420>
431,518,924,114,2,2023-01-18 22:00:00,<function <lambda> at 0x0000018CAD10B420>
432,214,285,339,2,2023-01-18 23:00:00,<function <lambda> at 0x0000018CAD10B420>
433,718,939,568,4,2023-01-19 00:00:00,<function <lambda> at 0x0000018CAD10B420>
434,67,387,943,9,2023-01-19 01:00:00,<function <lambda> at 0x0000018CAD10B420>
435,396,138,986,7,2023-01-19 02:00:00,<function <lambda> at 0x0000018CAD10B420>
436,612,187,359,2,2023-01-19 03:00:00,<function <lambda> at 0x0000018CAD10B420>
437,12,910,650,8,2023-01-19 04:00:00,<function <lambda> at 0x0000018CAD10B420>
438,237,716,614,7,2023-01-19 05:00:00,<function <lambda> at 0x0000018CAD10B420>
439,834,431,334,9,2023-01-19 06:00:00,<function <lambda> at 0x0000018CAD10B420>
440,770,554,689,8,2023-01-19 07:00:00,<function <lambda> at 0x0000018CAD10B420>
441,399,862,169,3,2023-01-19 08:00:00,<function <lambda> at 0x0000018CAD10B420>
442,407,416,339,1,2023-01-19 09:00:00,<function <lambda> at 0x0000018CAD10B420>
443,925,800,798,2,2023-01-19 10:00:00,<function <lambda> at 0x0000018CAD10B420>
444,849,426,261,2,2023-01-19 11:00:00,<function <lambda> at 0x0000018CAD10B420>
445,480,416,887,4,2023-01-19 12:00:00,<function <lambda> at 0x0000018CAD10B420>
446,647,26,735,6,2023-01-19 13:00:00,<function <lambda> at 0x0000018CAD10B420>
447,222,371,199,4,2023-01-19 14:00:00,<function <lambda> at 0x0000018CAD10B420>
448,156,385,211,9,2023-01-19 15:00:00,<function <lambda> at 0x0000018CAD10B420>
449,654,56,287,4,2023-01-19 16:00:00,<function <lambda> at 0x0000018CAD10B420>
450,428,253,692,6,2023-01-19 17:00:00,<function <lambda> at 0x0000018CAD10B420>
451,158,634,762,6,2023-01-19 18:00:00,<function <lambda> at 0x0000018CAD10B420>
452,977,106,743,1,2023-01-19 19:00:00,<function <lambda> at 0x0000018CAD10B420>
453,416,130,472,8,2023-01-19 20:00:00,<function <lambda> at 0x0000018CAD10B420>
454,326,849,482,3,2023-01-19 21:00:00,<function <lambda> at 0x0000018CAD10B420>
455,371,670,23,6,2023-01-19 22:00:00,<function <lambda> at 0x0000018CAD10B420>
456,344,376,560,3,2023-01-19 23:00:00,<function <lambda> at 0x0000018CAD10B420>
457,262,743,109,2,2023-01-20 00:00:00,<function <lambda> at 0x0000018CAD10B420>
458,283,967,296,5,2023-01-20 01:00:00,<function <lambda> at 0x0000018CAD10B420>
459,850,308,6,1,2023-01-20 02:00:00,<function <lambda> at 0x0000018CAD10B420>
460,856,91,550,9,2023-01-20 03:00:00,<function <lambda> at 0x0000018CAD10B420>
461,229,393,681,7,2023-01-20 04:00:00,<function <lambda> at 0x0000018CAD10B420>
462,888,534,868,3,2023-01-20 05:00:00,<function <lambda> at 0x0000018CAD10B420>
463,280,802,795,4,2023-01-20 06:00:00,<function <lambda> at 0x0000018CAD10B420>
464,870,110,203,6,2023-01-20 07:00:00,<function <lambda> at 0x0000018CAD10B420>
465,290,561,325,3,2023-01-20 08:00:00,<function <lambda> at 0x0000018CAD10B420>
466,680,641,825,7,2023-01-20 09:00:00,<function <lambda> at 0x0000018CAD10B420>
467,47,585,785,6,2023-01-20 10:00:00,<function <lambda> at 0x0000018CAD10B420>
468,975,340,244,9,2023-01-20 11:00:00,<function <lambda> at 0x0000018CAD10B420>
469,715,565,327,5,2023-01-20 12:00:00,<function <lambda> at 0x0000018CAD10B420>
470,214,979,987,4,2023-01-20 13:00:00,<function <lambda> at 0x0000018CAD10B420>
471,758,356,47,3,2023-01-20 14:00:00,<function <lambda> at 0x0000018CAD10B420>
472,24,892,761,1,2023-01-20 15:00:00,<function <lambda> at 0x0000018CAD10B420>
473,321,168,591,3,2023-01-20 16:00:00,<function <lambda> at 0x0000018CAD10B420>
474,274,557,622,3,2023-01-20 17:00:00,<function <lambda> at 0x0000018CAD10B420>
475,556,452,13,7,2023-01-20 18:00:00,<function <lambda> at 0x0000018CAD10B420>
476,844,905,907,7,2023-01-20 19:00:00,<function <lambda> at 0x0000018CAD10B420>
477,313,105,380,1,2023-01-20 20:00:00,<function <lambda> at 0x0000018CAD10B420>
478,363,150,365,3,2023-01-20 21:00:00,<function <lambda> at 0x0000018CAD10B420>
479,668,146,602,8,2023-01-20 22:00:00,<function <lambda> at 0x0000018CAD10B420>
480,1000,716,342,9,2023-01-20 23:00:00,<function <lambda> at 0x0000018CAD10B420>
481,380,874,860,7,2023-01-21 00:00:00,<function <lambda> at 0x0000018CAD10B420>
482,711,299,792,7,2023-01-21 01:00:00,<function <lambda> at 0x0000018CAD10B420>
483,919,167,221,8,2023-01-21 02:00:00,<function <lambda> at 0x0000018CAD10B420>
484,981,713,73,6,2023-01-21 03:00:00,<function <lambda> at 0x0000018CAD10B420>
485,674,646,746,3,2023-01-21 04:00:00,<function <lambda> at 0x0000018CAD10B420>
486,907,723,772,1,2023-01-21 05:00:00,<function <lambda> at 0x0000018CAD10B420>
487,470,48,625,7,2023-01-21 06:00:00,<function <lambda> at 0x0000018CAD10B420>
488,746,638,46,1,2023-01-21 07:00:00,<function <lambda> at 0x0000018CAD10B420>
489,675,239,504,1,2023-01-21 08:00:00,<function <lambda> at 0x0000018CAD10B420>
490,116,7,274,9,2023-01-21 09:00:00,<function <lambda> at 0x0000018CAD10B420>
491,605,464,555,7,2023-01-21 10:00:00,<function <lambda> at 0x0000018CAD10B420>
492,42,453,208,4,2023-01-21 11:00:00,<function <lambda> at 0x0000018CAD10B420>
493,796,784,929,6,2023-01-21 12:00:00,<function <lambda> at 0x0000018CAD10B420>
494,379,897,861,1,2023-01-21 13:00:00,<function <lambda> at 0x0000018CAD10B420>
495,722,371,615,7,2023-01-21 14:00:00,<function <lambda> at 0x0000018CAD10B420>
496,206,549,124,6,2023-01-21 15:00:00,<function <lambda> at 0x0000018CAD10B420>
497,466,487,10,4,2023-01-21 16:00:00,<function <lambda> at 0x0000018CAD10B420>
498,732,211,329,7,2023-01-21 17:00:00,<function <lambda> at 0x0000018CAD10B420>
499,280,165,187,3,2023-01-21 18:00:00,<function <lambda> at 0x0000018CAD10B420>
500,648,125,543,1,2023-01-21 19:00:00,<function <lambda> at 0x0000018CAD10B420>
501,618,337,668,4,2023-01-21 20:00:00,<function <lambda> at 0x0000018CAD10B420>
502,118,192,60,3,2023-01-21 21:00:00,<function <lambda> at 0x0000018CAD10B420>
503,237,730,761,1,2023-01-21 22:00:00,<function <lambda> at 0x0000018CAD10B420>
504,309,214,899,2,2023-01-21 23:00:00,<function <lambda> at 0x0000018CAD10B420>
505,456,574,886,5,2023-01-22 00:00:00,<function <lambda> at 0x0000018CAD10B420>
506,900,328,951,8,2023-01-22 01:00:00,<function <lambda> at 0x0000018CAD10B420>
507,475,957,782,1,2023-01-22 02:00:00,<function <lambda> at 0x0000018CAD10B420>
508,100,381,442,4,2023-01-22 03:00:00,<function <lambda> at 0x0000018CAD10B420>
509,261,673,217,4,2023-01-22 04:00:00,<function <lambda> at 0x0000018CAD10B420>
510,993,578,911,5,2023-01-22 05:00:00,<function <lambda> at 0x0000018CAD10B420>
511,305,798,2,7,2023-01-22 06:00:00,<function <lambda> at 0x0000018CAD10B420>
512,354,239,536,8,2023-01-22 07:00:00,<function <lambda> at 0x0000018CAD10B420>
513,286,532,718,6,2023-01-22 08:00:00,<function <lambda> at 0x0000018CAD10B420>
514,328,700,832,1,2023-01-22 09:00:00,<function <lambda> at 0x0000018CAD10B420>
515,103,82,711,7,2023-01-22 10:00:00,<function <lambda> at 0x0000018CAD10B420>
516,63,363,356,3,2023-01-22 11:00:00,<function <lambda> at 0x0000018CAD10B420>
517,687,505,626,6,2023-01-22 12:00:00,<function <lambda> at 0x0000018CAD10B420>
518,282,202,792,8,2023-01-22 13:00:00,<function <lambda> at 0x0000018CAD10B420>
519,441,920,667,7,2023-01-22 14:00:00,<function <lambda> at 0x0000018CAD10B420>
520,293,504,165,6,2023-01-22 15:00:00,<function <lambda> at 0x0000018CAD10B420>
521,738,644,998,9,2023-01-22 16:00:00,<function <lambda> at 0x0000018CAD10B420>
522,7,37,734,9,2023-01-22 17:00:00,<function <lambda> at 0x0000018CAD10B420>
523,639,644,91,1,2023-01-22 18:00:00,<function <lambda> at 0x0000018CAD10B420>
524,936,589,167,1,2023-01-22 19:00:00,<function <lambda> at 0x0000018CAD10B420>
525,92,601,959,1,2023-01-22 20:00:00,<function <lambda> at 0x0000018CAD10B420>
526,935,973,207,8,2023-01-22 21:00:00,<function <lambda> at 0x0000018CAD10B420>
527,190,402,282,7,2023-01-22 22:00:00,<function <lambda> at 0x0000018CAD10B420>
528,871,765,65,3,2023-01-22 23:00:00,<function <lambda> at 0x0000018CAD10B420>
529,476,856,888,2,2023-01-23 00:00:00,<function <lambda> at 0x0000018CAD10B420>
530,511,706,516,4,2023-01-23 01:00:00,<function <lambda> at 0x0000018CAD10B420>
531,462,176,157,3,2023-01-23 02:00:00,<function <lambda> at 0x0000018CAD10B420>
532,53,545,761,7,2023-01-23 03:00:00,<function <lambda> at 0x0000018CAD10B420>
533,754,570,769,8,2023-01-23 04:00:00,<function <lambda> at 0x0000018CAD10B420>
534,486,467,747,6,2023-01-23 05:00:00,<function <lambda> at 0x0000018CAD10B420>
535,644,201,306,3,2023-01-23 06:00:00,<function <lambda> at 0x0000018CAD10B420>
536,490,540,878,6,2023-01-23 07:00:00,<function <lambda> at 0x0000018CAD10B420>
537,978,547,982,2,2023-01-23 08:00:00,<function <lambda> at 0x0000018CAD10B420>
538,364,999,395,7,2023-01-23 09:00:00,<function <lambda> at 0x0000018CAD10B420>
539,112,637,74,7,2023-01-23 10:00:00,<function <lambda> at 0x0000018CAD10B420>
540,409,394,187,4,2023-01-23 11:00:00,<function <lambda> at 0x0000018CAD10B420>
541,7,833,574,8,2023-01-23 12:00:00,<function <lambda> at 0x0000018CAD10B420>
542,742,42,337,4,2023-01-23 13:00:00,<function <lambda> at 0x0000018CAD10B420>
543,668,597,676,7,2023-01-23 14:00:00,<function <lambda> at 0x0000018CAD10B420>
544,197,393,568,4,2023-01-23 15:00:00,<function <lambda> at 0x0000018CAD10B420>
545,835,700,623,5,2023-01-23 16:00:00,<function <lambda> at 0x0000018CAD10B420>
546,876,623,730,7,2023-01-23 17:00:00,<function <lambda> at 0x0000018CAD10B420>
547,735,783,240,3,2023-01-23 18:00:00,<function <lambda> at 0x0000018CAD10B420>
548,367,995,533,5,2023-01-23 19:00:00,<function <lambda> at 0x0000018CAD10B420>
549,250,441,141,3,2023-01-23 20:00:00,<function <lambda> at 0x0000018CAD10B420>
550,916,837,265,5,2023-01-23 21:00:00,<function <lambda> at 0x0000018CAD10B420>
551,595,617,139,3,2023-01-23 22:00:00,<function <lambda> at 0x0000018CAD10B420>
552,240,506,459,7,2023-01-23 23:00:00,<function <lambda> at 0x0000018CAD10B420>
553,380,918,70,1,2023-01-24 00:00:00,<function <lambda> at 0x0000018CAD10B420>
554,907,320,385,9,2023-01-24 01:00:00,<function <lambda> at 0x0000018CAD10B420>
555,872,553,630,9,2023-01-24 02:00:00,<function <lambda> at 0x0000018CAD10B420>
556,835,215,198,5,2023-01-24 03:00:00,<function <lambda> at 0x0000018CAD10B420>
557,471,71,205,9,2023-01-24 04:00:00,<function <lambda> at 0x0000018CAD10B420>
558,775,568,726,6,2023-01-24 05:00:00,<function <lambda> at 0x0000018CAD10B420>
559,919,919,568,5,2023-01-24 06:00:00,<function <lambda> at 0x0000018CAD10B420>
560,701,236,799,3,2023-01-24 07:00:00,<function <lambda> at 0x0000018CAD10B420>
561,455,281,982,8,2023-01-24 08:00:00,<function <lambda> at 0x0000018CAD10B420>
562,366,987,805,4,2023-01-24 09:00:00,<function <lambda> at 0x0000018CAD10B420>
563,290,617,687,3,2023-01-24 10:00:00,<function <lambda> at 0x0000018CAD10B420>
564,874,902,859,6,2023-01-24 11:00:00,<function <lambda> at 0x0000018CAD10B420>
565,403,887,882,8,2023-01-24 12:00:00,<function <lambda> at 0x0000018CAD10B420>
566,58,162,974,9,2023-01-24 13:00:00,<function <lambda> at 0x0000018CAD10B420>
567,521,191,640,6,2023-01-24 14:00:00,<function <lambda> at 0x0000018CAD10B420>
568,304,9,431,5,2023-01-24 15:00:00,<function <lambda> at 0x0000018CAD10B420>
569,115,60,890,2,2023-01-24 16:00:00,<function <lambda> at 0x0000018CAD10B420>
570,210,893,325,2,2023-01-24 17:00:00,<function <lambda> at 0x0000018CAD10B420>
571,41,817,442,9,2023-01-24 18:00:00,<function <lambda> at 0x0000018CAD10B420>
572,816,225,804,2,2023-01-24 19:00:00,<function <lambda> at 0x0000018CAD10B420>
573,173,819,288,2,2023-01-24 20:00:00,<function <lambda> at 0x0000018CAD10B420>
574,234,700,226,3,2023-01-24 21:00:00,<function <lambda> at 0x0000018CAD10B420>
575,793,582,64,3,2023-01-24 22:00:00,<function <lambda> at 0x0000018CAD10B420>
576,884,805,967,4,2023-01-24 23:00:00,<function <lambda> at 0x0000018CAD10B420>
577,590,287,938,7,2023-01-25 00:00:00,<function <lambda> at 0x0000018CAD10B420>
578,620,994,560,9,2023-01-25 01:00:00,<function <lambda> at 0x0000018CAD10B420>
579,793,169,714,2,2023-01-25 02:00:00,<function <lambda> at 0x0000018CAD10B420>
580,403,62,498,4,2023-01-25 03:00:00,<function <lambda> at 0x0000018CAD10B420>
581,39,349,849,9,2023-01-25 04:00:00,<function <lambda> at 0x0000018CAD10B420>
582,119,442,926,2,2023-01-25 05:00:00,<function <lambda> at 0x0000018CAD10B420>
583,335,14,917,1,2023-01-25 06:00:00,<function <lambda> at 0x0000018CAD10B420>
584,336,164,60,8,2023-01-25 07:00:00,<function <lambda> at 0x0000018CAD10B420>
585,539,420,397,9,2023-01-25 08:00:00,<function <lambda> at 0x0000018CAD10B420>
586,616,757,257,7,2023-01-25 09:00:00,<function <lambda> at 0x0000018CAD10B420>
587,74,847,577,8,2023-01-25 10:00:00,<function <lambda> at 0x0000018CAD10B420>
588,191,520,239,4,2023-01-25 11:00:00,<function <lambda> at 0x0000018CAD10B420>
589,324,666,801,4,2023-01-25 12:00:00,<function <lambda> at 0x0000018CAD10B420>
590,147,548,38,2,2023-01-25 13:00:00,<function <lambda> at 0x0000018CAD10B420>
591,767,560,25,8,2023-01-25 14:00:00,<function <lambda> at 0x0000018CAD10B420>
592,284,597,410,2,2023-01-25 15:00:00,<function <lambda> at 0x0000018CAD10B420>
593,213,28,461,9,2023-01-25 16:00:00,<function <lambda> at 0x0000018CAD10B420>
594,635,708,571,4,2023-01-25 17:00:00,<function <lambda> at 0x0000018CAD10B420>
595,718,446,988,1,2023-01-25 18:00:00,<function <lambda> at 0x0000018CAD10B420>
596,929,208,417,4,2023-01-25 19:00:00,<function <lambda> at 0x0000018CAD10B420>
597,752,470,357,3,2023-01-25 20:00:00,<function <lambda> at 0x0000018CAD10B420>
598,394,716,383,6,2023-01-25 21:00:00,<function <lambda> at 0x0000018CAD10B420>
599,339,976,809,7,2023-01-25 22:00:00,<function <lambda> at 0x0000018CAD10B420>
600,798,819,158,8,2023-01-25 23:00:00,<function <lambda> at 0x0000018CAD10B420>
601,22,104,569,2,2023-01-26 00:00:00,<function <lambda> at 0x0000018CAD10B420>
602,771,742,433,6,2023-01-26 01:00:00,<function <lambda> at 0x0000018CAD10B420>
603,869,426,48,6,2023-01-26 02:00:00,<function <lambda> at 0x0000018CAD10B420>
604,105,101,328,5,2023-01-26 03:00:00,<function <lambda> at 0x0000018CAD10B420>
605,466,541,433,7,2023-01-26 04:00:00,<function <lambda> at 0x0000018CAD10B420>
606,459,639,431,3,2023-01-26 05:00:00,<function <lambda> at 0x0000018CAD10B420>
607,432,850,56,4,2023-01-26 06:00:00,<function <lambda> at 0x0000018CAD10B420>
608,770,522,577,9,2023-01-26 07:00:00,<function <lambda> at 0x0000018CAD10B420>
609,716,106,268,4,2023-01-26 08:00:00,<function <lambda> at 0x0000018CAD10B420>
610,822,679,69,3,2023-01-26 09:00:00,<function <lambda> at 0x0000018CAD10B420>
611,774,978,728,2,2023-01-26 10:00:00,<function <lambda> at 0x0000018CAD10B420>
612,619,769,902,5,2023-01-26 11:00:00,<function <lambda> at 0x0000018CAD10B420>
613,763,807,601,4,2023-01-26 12:00:00,<function <lambda> at 0x0000018CAD10B420>
614,936,277,449,8,2023-01-26 13:00:00,<function <lambda> at 0x0000018CAD10B420>
615,221,65,793,7,2023-01-26 14:00:00,<function <lambda> at 0x0000018CAD10B420>
616,379,783,257,6,2023-01-26 15:00:00,<function <lambda> at 0x0000018CAD10B420>
617,222,900,672,2,2023-01-26 16:00:00,<function <lambda> at 0x0000018CAD10B420>
618,258,188,490,3,2023-01-26 17:00:00,<function <lambda> at 0x0000018CAD10B420>
619,713,317,746,9,2023-01-26 18:00:00,<function <lambda> at 0x0000018CAD10B420>
620,367,916,643,9,2023-01-26 19:00:00,<function <lambda> at 0x0000018CAD10B420>
621,770,138,49,5,2023-01-26 20:00:00,<function <lambda> at 0x0000018CAD10B420>
622,349,343,659,3,2023-01-26 21:00:00,<function <lambda> at 0x0000018CAD10B420>
623,225,105,316,2,2023-01-26 22:00:00,<function <lambda> at 0x0000018CAD10B420>
624,714,546,413,8,2023-01-26 23:00:00,<function <lambda> at 0x0000018CAD10B420>
625,738,380,434,6,2023-01-27 00:00:00,<function <lambda> at 0x0000018CAD10B420>
626,236,110,2,7,2023-01-27 01:00:00,<function <lambda> at 0x0000018CAD10B420>
627,183,944,841,1,2023-01-27 02:00:00,<function <lambda> at 0x0000018CAD10B420>
628,712,545,952,1,2023-01-27 03:00:00,<function <lambda> at 0x0000018CAD10B420>
629,869,354,145,2,2023-01-27 04:00:00,<function <lambda> at 0x0000018CAD10B420>
630,758,743,956,3,2023-01-27 05:00:00,<function <lambda> at 0x0000018CAD10B420>
631,444,317,366,1,2023-01-27 06:00:00,<function <lambda> at 0x0000018CAD10B420>
632,865,266,420,5,2023-01-27 07:00:00,<function <lambda> at 0x0000018CAD10B420>
633,623,694,573,3,2023-01-27 08:00:00,<function <lambda> at 0x0000018CAD10B420>
634,6,852,785,1,2023-01-27 09:00:00,<function <lambda> at 0x0000018CAD10B420>
635,236,65,561,8,2023-01-27 10:00:00,<function <lambda> at 0x0000018CAD10B420>
636,127,333,844,6,2023-01-27 11:00:00,<function <lambda> at 0x0000018CAD10B420>
637,104,513,444,9,2023-01-27 12:00:00,<function <lambda> at 0x0000018CAD10B420>
638,749,133,916,3,2023-01-27 13:00:00,<function <lambda> at 0x0000018CAD10B420>
639,915,592,434,9,2023-01-27 14:00:00,<function <lambda> at 0x0000018CAD10B420>
640,480,783,643,9,2023-01-27 15:00:00,<function <lambda> at 0x0000018CAD10B420>
641,155,753,555,1,2023-01-27 16:00:00,<function <lambda> at 0x0000018CAD10B420>
642,257,540,57,3,2023-01-27 17:00:00,<function <lambda> at 0x0000018CAD10B420>
643,235,735,562,6,2023-01-27 18:00:00,<function <lambda> at 0x0000018CAD10B420>
644,500,535,964,8,2023-01-27 19:00:00,<function <lambda> at 0x0000018CAD10B420>
645,289,496,977,4,2023-01-27 20:00:00,<function <lambda> at 0x0000018CAD10B420>
646,510,621,178,5,2023-01-27 21:00:00,<function <lambda> at 0x0000018CAD10B420>
647,552,619,293,9,2023-01-27 22:00:00,<function <lambda> at 0x0000018CAD10B420>
648,800,657,46,6,2023-01-27 23:00:00,<function <lambda> at 0x0000018CAD10B420>
649,709,369,170,7,2023-01-28 00:00:00,<function <lambda> at 0x0000018CAD10B420>
650,785,866,271,7,2023-01-28 01:00:00,<function <lambda> at 0x0000018CAD10B420>
651,894,909,417,4,2023-01-28 02:00:00,<function <lambda> at 0x0000018CAD10B420>
652,776,910,848,4,2023-01-28 03:00:00,<function <lambda> at 0x0000018CAD10B420>
653,569,651,139,4,2023-01-28 04:00:00,<function <lambda> at 0x0000018CAD10B420>
654,298,796,247,5,2023-01-28 05:00:00,<function <lambda> at 0x0000018CAD10B420>
655,610,810,148,5,2023-01-28 06:00:00,<function <lambda> at 0x0000018CAD10B420>
656,137,992,230,8,2023-01-28 07:00:00,<function <lambda> at 0x0000018CAD10B420>
657,376,99,792,9,2023-01-28 08:00:00,<function <lambda> at 0x0000018CAD10B420>
658,87,317,637,2,2023-01-28 09:00:00,<function <lambda> at 0x0000018CAD10B420>
659,419,123,704,7,2023-01-28 10:00:00,<function <lambda> at 0x0000018CAD10B420>
660,754,320,374,1,2023-01-28 11:00:00,<function <lambda> at 0x0000018CAD10B420>
661,199,799,80,1,2023-01-28 12:00:00,<function <lambda> at 0x0000018CAD10B420>
662,463,593,606,4,2023-01-28 13:00:00,<function <lambda> at 0x0000018CAD10B420>
663,437,495,738,7,2023-01-28 14:00:00,<function <lambda> at 0x0000018CAD10B420>
664,310,457,65,2,2023-01-28 15:00:00,<function <lambda> at 0x0000018CAD10B420>
665,596,522,88,2,2023-01-28 16:00:00,<function <lambda> at 0x0000018CAD10B420>
666,754,520,88,1,2023-01-28 17:00:00,<function <lambda> at 0x0000018CAD10B420>
667,281,917,713,2,2023-01-28 18:00:00,<function <lambda> at 0x0000018CAD10B420>
668,323,717,726,7,2023-01-28 19:00:00,<function <lambda> at 0x0000018CAD10B420>
669,764,315,204,9,2023-01-28 20:00:00,<function <lambda> at 0x0000018CAD10B420>
670,702,946,913,6,2023-01-28 21:00:00,<function <lambda> at 0x0000018CAD10B420>
671,951,709,382,2,2023-01-28 22:00:00,<function <lambda> at 0x0000018CAD10B420>
672,942,710,601,9,2023-01-28 23:00:00,<function <lambda> at 0x0000018CAD10B420>
673,152,542,476,7,2023-01-29 00:00:00,<function <lambda> at 0x0000018CAD10B420>
674,994,479,573,1,2023-01-29 01:00:00,<function <lambda> at 0x0000018CAD10B420>
675,302,913,783,9,2023-01-29 02:00:00,<function <lambda> at 0x0000018CAD10B420>
676,278,971,606,2,2023-01-29 03:00:00,<function <lambda> at 0x0000018CAD10B420>
677,651,20,819,4,2023-01-29 04:00:00,<function <lambda> at 0x0000018CAD10B420>
678,688,560,539,9,2023-01-29 05:00:00,<function <lambda> at 0x0000018CAD10B420>
679,8,969,214,4,2023-01-29 06:00:00,<function <lambda> at 0x0000018CAD10B420>
680,807,130,74,3,2023-01-29 07:00:00,<function <lambda> at 0x0000018CAD10B420>
681,235,293,61,1,2023-01-29 08:00:00,<function <lambda> at 0x0000018CAD10B420>
682,675,897,698,7,2023-01-29 09:00:00,<function <lambda> at 0x0000018CAD10B420>
683,561,132,543,6,2023-01-29 10:00:00,<function <lambda> at 0x0000018CAD10B420>
684,302,356,219,4,2023-01-29 11:00:00,<function <lambda> at 0x0000018CAD10B420>
685,38,54,12,6,2023-01-29 12:00:00,<function <lambda> at 0x0000018CAD10B420>
686,136,890,814,6,2023-01-29 13:00:00,<function <lambda> at 0x0000018CAD10B420>
687,822,793,415,4,2023-01-29 14:00:00,<function <lambda> at 0x0000018CAD10B420>
688,421,387,32,6,2023-01-29 15:00:00,<function <lambda> at 0x0000018CAD10B420>
689,219,265,160,8,2023-01-29 16:00:00,<function <lambda> at 0x0000018CAD10B420>
690,348,982,237,3,2023-01-29 17:00:00,<function <lambda> at 0x0000018CAD10B420>
691,808,215,739,4,2023-01-29 18:00:00,<function <lambda> at 0x0000018CAD10B420>
692,546,460,181,1,2023-01-29 19:00:00,<function <lambda> at 0x0000018CAD10B420>
693,864,458,829,4,2023-01-29 20:00:00,<function <lambda> at 0x0000018CAD10B420>
694,79,802,558,9,2023-01-29 21:00:00,<function <lambda> at 0x0000018CAD10B420>
695,748,43,341,8,2023-01-29 22:00:00,<function <lambda> at 0x0000018CAD10B420>
696,895,586,458,4,2023-01-29 23:00:00,<function <lambda> at 0x0000018CAD10B420>
697,273,862,80,7,2023-01-30 00:00:00,<function <lambda> at 0x0000018CAD10B420>
698,161,278,647,3,2023-01-30 01:00:00,<function <lambda> at 0x0000018CAD10B420>
699,687,838,772,9,2023-01-30 02:00:00,<function <lambda> at 0x0000018CAD10B420>
700,878,754,987,4,2023-01-30 03:00:00,<function <lambda> at 0x0000018CAD10B420>
701,308,130,820,2,2023-01-30 04:00:00,<function <lambda> at 0x0000018CAD10B420>
702,374,350,759,5,2023-01-30 05:00:00,<function <lambda> at 0x0000018CAD10B420>
703,976,706,473,2,2023-01-30 06:00:00,<function <lambda> at 0x0000018CAD10B420>
704,733,544,671,6,2023-01-30 07:00:00,<function <lambda> at 0x0000018CAD10B420>
705,9,106,715,1,2023-01-30 08:00:00,<function <lambda> at 0x0000018CAD10B420>
706,801,912,112,6,2023-01-30 09:00:00,<function <lambda> at 0x0000018CAD10B420>
707,444,716,980,4,2023-01-30 10:00:00,<function <lambda> at 0x0000018CAD10B420>
708,113,1,292,3,2023-01-30 11:00:00,<function <lambda> at 0x0000018CAD10B420>
709,989,757,950,2,2023-01-30 12:00:00,<function <lambda> at 0x0000018CAD10B420>
710,205,584,822,7,2023-01-30 13:00:00,<function <lambda> at 0x0000018CAD10B420>
711,405,432,631,9,2023-01-30 14:00:00,<function <lambda> at 0x0000018CAD10B420>
712,698,306,383,3,2023-01-30 15:00:00,<function <lambda> at 0x0000018CAD10B420>
713,853,909,17,6,2023-01-30 16:00:00,<function <lambda> at 0x0000018CAD10B420>
714,197,527,493,9,2023-01-30 17:00:00,<function <lambda> at 0x0000018CAD10B420>
715,778,53,331,2,2023-01-30 18:00:00,<function <lambda> at 0x0000018CAD10B420>
716,774,940,926,7,2023-01-30 19:00:00,<function <lambda> at 0x0000018CAD10B420>
717,760,520,739,5,2023-01-30 20:00:00,<function <lambda> at 0x0000018CAD10B420>
718,115,330,873,5,2023-01-30 21:00:00,<function <lambda> at 0x0000018CAD10B420>
719,121,558,486,7,2023-01-30 22:00:00,<function <lambda> at 0x0000018CAD10B420>
720,653,325,406,9,2023-01-30 23:00:00,<function <lambda> at 0x0000018CAD10B420>
721,65,114,117,4,2023-01-31 00:00:00,<function <lambda> at 0x0000018CAD10B420>
722,276,147,555,9,2023-01-31 01:00:00,<function <lambda> at 0x0000018CAD10B420>
723,825,166,880,9,2023-01-31 02:00:00,<function <lambda> at 0x0000018CAD10B420>
724,239,379,115,4,2023-01-31 03:00:00,<function <lambda> at 0x0000018CAD10B420>
725,302,139,795,3,2023-01-31 04:00:00,<function <lambda> at 0x0000018CAD10B420>
726,392,629,549,2,2023-01-31 05:00:00,<function <lambda> at 0x0000018CAD10B420>
727,522,299,814,9,2023-01-31 06:00:00,<function <lambda> at 0x0000018CAD10B420>
728,969,276,625,2,2023-01-31 07:00:00,<function <lambda> at 0x0000018CAD10B420>
729,369,916,547,6,2023-01-31 08:00:00,<function <lambda> at 0x0000018CAD10B420>
730,233,789,644,5,2023-01-31 09:00:00,<function <lambda> at 0x0000018CAD10B420>
731,195,850,336,5,2023-01-31 10:00:00,<function <lambda> at 0x0000018CAD10B420>
732,907,825,336,4,2023-01-31 11:00:00,<function <lambda> at 0x0000018CAD10B420>
733,12,178,981,6,2023-01-31 12:00:00,<function <lambda> at 0x0000018CAD10B420>
734,906,842,922,5,2023-01-31 13:00:00,<function <lambda> at 0x0000018CAD10B420>
735,921,354,889,4,2023-01-31 14:00:00,<function <lambda> at 0x0000018CAD10B420>
736,689,154,740,9,2023-01-31 15:00:00,<function <lambda> at 0x0000018CAD10B420>
737,177,926,147,6,2023-01-31 16:00:00,<function <lambda> at 0x0000018CAD10B420>
738,217,201,122,3,2023-01-31 17:00:00,<function <lambda> at 0x0000018CAD10B420>
739,11,878,81,6,2023-01-31 18:00:00,<function <lambda> at 0x0000018CAD10B420>
740,446,115,685,1,2023-01-31 19:00:00,<function <lambda> at 0x0000018CAD10B420>
741,630,671,666,5,2023-01-31 20:00:00,<function <lambda> at 0x0000018CAD10B420>
742,164,554,662,6,2023-01-31 21:00:00,<function <lambda> at 0x0000018CAD10B420>
743,551,759,375,8,2023-01-31 22:00:00,<function <lambda> at 0x0000018CAD10B420>
744,53,68,570,9,2023-01-31 23:00:00,<function <lambda> at 0x0000018CAD10B420>
745,218,445,63,3,2023-02-01 00:00:00,<function <lambda> at 0x0000018CAD10B420>
746,718,445,504,2,2023-02-01 01:00:00,<function <lambda> at 0x0000018CAD10B420>
747,999,326,668,4,2023-02-01 02:00:00,<function <lambda> at 0x0000018CAD10B420>
748,824,846,449,8,2023-02-01 03:00:00,<function <lambda> at 0x0000018CAD10B420>
749,360,708,428,8,2023-02-01 04:00:00,<function <lambda> at 0x0000018CAD10B420>
750,385,602,868,3,2023-02-01 05:00:00,<function <lambda> at 0x0000018CAD10B420>
751,56,623,427,4,2023-02-01 06:00:00,<function <lambda> at 0x0000018CAD10B420>
752,118,880,421,3,2023-02-01 07:00:00,<function <lambda> at 0x0000018CAD10B420>
753,900,359,322,2,2023-02-01 08:00:00,<function <lambda> at 0x0000018CAD10B420>
754,253,145,913,4,2023-02-01 09:00:00,<function <lambda> at 0x0000018CAD10B420>
755,798,275,680,6,2023-02-01 10:00:00,<function <lambda> at 0x0000018CAD10B420>
756,780,509,166,5,2023-02-01 11:00:00,<function <lambda> at 0x0000018CAD10B420>
757,803,179,597,3,2023-02-01 12:00:00,<function <lambda> at 0x0000018CAD10B420>
758,845,753,957,2,2023-02-01 13:00:00,<function <lambda> at 0x0000018CAD10B420>
759,180,838,649,9,2023-02-01 14:00:00,<function <lambda> at 0x0000018CAD10B420>
760,415,831,461,1,2023-02-01 15:00:00,<function <lambda> at 0x0000018CAD10B420>
761,870,477,459,9,2023-02-01 16:00:00,<function <lambda> at 0x0000018CAD10B420>
762,235,843,189,1,2023-02-01 17:00:00,<function <lambda> at 0x0000018CAD10B420>
763,855,976,464,7,2023-02-01 18:00:00,<function <lambda> at 0x0000018CAD10B420>
764,708,414,912,6,2023-02-01 19:00:00,<function <lambda> at 0x0000018CAD10B420>
765,820,153,379,7,2023-02-01 20:00:00,<function <lambda> at 0x0000018CAD10B420>
766,80,104,2,3,2023-02-01 21:00:00,<function <lambda> at 0x0000018CAD10B420>
767,647,75,618,3,2023-02-01 22:00:00,<function <lambda> at 0x0000018CAD10B420>
768,22,128,364,1,2023-02-01 23:00:00,<function <lambda> at 0x0000018CAD10B420>
769,477,711,72,4,2023-02-02 00:00:00,<function <lambda> at 0x0000018CAD10B420>
770,843,666,427,2,2023-02-02 01:00:00,<function <lambda> at 0x0000018CAD10B420>
771,440,568,638,8,2023-02-02 02:00:00,<function <lambda> at 0x0000018CAD10B420>
772,737,790,170,3,2023-02-02 03:00:00,<function <lambda> at 0x0000018CAD10B420>
773,570,345,205,7,2023-02-02 04:00:00,<function <lambda> at 0x0000018CAD10B420>
774,93,531,825,7,2023-02-02 05:00:00,<function <lambda> at 0x0000018CAD10B420>
775,192,159,337,9,2023-02-02 06:00:00,<function <lambda> at 0x0000018CAD10B420>
776,103,538,999,6,2023-02-02 07:00:00,<function <lambda> at 0x0000018CAD10B420>
777,396,426,472,1,2023-02-02 08:00:00,<function <lambda> at 0x0000018CAD10B420>
778,7,681,195,8,2023-02-02 09:00:00,<function <lambda> at 0x0000018CAD10B420>
779,640,996,670,1,2023-02-02 10:00:00,<function <lambda> at 0x0000018CAD10B420>
780,567,23,653,3,2023-02-02 11:00:00,<function <lambda> at 0x0000018CAD10B420>
781,231,47,275,5,2023-02-02 12:00:00,<function <lambda> at 0x0000018CAD10B420>
782,874,525,7,8,2023-02-02 13:00:00,<function <lambda> at 0x0000018CAD10B420>
783,574,729,905,9,2023-02-02 14:00:00,<function <lambda> at 0x0000018CAD10B420>
784,240,834,979,7,2023-02-02 15:00:00,<function <lambda> at 0x0000018CAD10B420>
785,90,706,566,9,2023-02-02 16:00:00,<function <lambda> at 0x0000018CAD10B420>
786,232,144,616,3,2023-02-02 17:00:00,<function <lambda> at 0x0000018CAD10B420>
787,457,585,854,5,2023-02-02 18:00:00,<function <lambda> at 0x0000018CAD10B420>
788,233,668,850,8,2023-02-02 19:00:00,<function <lambda> at 0x0000018CAD10B420>
789,354,589,573,1,2023-02-02 20:00:00,<function <lambda> at 0x0000018CAD10B420>
790,333,419,599,8,2023-02-02 21:00:00,<function <lambda> at 0x0000018CAD10B420>
791,439,681,770,7,2023-02-02 22:00:00,<function <lambda> at 0x0000018CAD10B420>
792,375,973,178,1,2023-02-02 23:00:00,<function <lambda> at 0x0000018CAD10B420>
793,292,799,242,6,2023-02-03 00:00:00,<function <lambda> at 0x0000018CAD10B420>
794,345,85,203,1,2023-02-03 01:00:00,<function <lambda> at 0x0000018CAD10B420>
795,664,416,543,2,2023-02-03 02:00:00,<function <lambda> at 0x0000018CAD10B420>
796,428,694,801,5,2023-02-03 03:00:00,<function <lambda> at 0x0000018CAD10B420>
797,657,482,462,2,2023-02-03 04:00:00,<function <lambda> at 0x0000018CAD10B420>
798,130,456,80,1,2023-02-03 05:00:00,<function <lambda> at 0x0000018CAD10B420>
799,141,827,523,6,2023-02-03 06:00:00,<function <lambda> at 0x0000018CAD10B420>
800,415,297,417,8,2023-02-03 07:00:00,<function <lambda> at 0x0000018CAD10B420>
801,93,112,766,8,2023-02-03 08:00:00,<function <lambda> at 0x0000018CAD10B420>
802,626,962,384,8,2023-02-03 09:00:00,<function <lambda> at 0x0000018CAD10B420>
803,284,230,391,6,2023-02-03 10:00:00,<function <lambda> at 0x0000018CAD10B420>
804,956,96,896,3,2023-02-03 11:00:00,<function <lambda> at 0x0000018CAD10B420>
805,923,950,799,1,2023-02-03 12:00:00,<function <lambda> at 0x0000018CAD10B420>
806,655,680,688,2,2023-02-03 13:00:00,<function <lambda> at 0x0000018CAD10B420>
807,223,378,126,5,2023-02-03 14:00:00,<function <lambda> at 0x0000018CAD10B420>
808,744,156,494,5,2023-02-03 15:00:00,<function <lambda> at 0x0000018CAD10B420>
809,463,421,47,1,2023-02-03 16:00:00,<function <lambda> at 0x0000018CAD10B420>
810,545,105,718,1,2023-02-03 17:00:00,<function <lambda> at 0x0000018CAD10B420>
811,276,705,476,9,2023-02-03 18:00:00,<function <lambda> at 0x0000018CAD10B420>
812,682,330,949,2,2023-02-03 19:00:00,<function <lambda> at 0x0000018CAD10B420>
813,140,439,619,7,2023-02-03 20:00:00,<function <lambda> at 0x0000018CAD10B420>
814,357,132,464,4,2023-02-03 21:00:00,<function <lambda> at 0x0000018CAD10B420>
815,713,867,787,7,2023-02-03 22:00:00,<function <lambda> at 0x0000018CAD10B420>
816,23,382,849,8,2023-02-03 23:00:00,<function <lambda> at 0x0000018CAD10B420>
817,968,138,123,5,2023-02-04 00:00:00,<function <lambda> at 0x0000018CAD10B420>
818,736,943,474,1,2023-02-04 01:00:00,<function <lambda> at 0x0000018CAD10B420>
819,880,843,134,4,2023-02-04 02:00:00,<function <lambda> at 0x0000018CAD10B420>
820,270,270,619,3,2023-02-04 03:00:00,<function <lambda> at 0x0000018CAD10B420>
821,859,550,817,5,2023-02-04 04:00:00,<function <lambda> at 0x0000018CAD10B420>
822,665,396,841,6,2023-02-04 05:00:00,<function <lambda> at 0x0000018CAD10B420>
823,333,557,562,2,2023-02-04 06:00:00,<function <lambda> at 0x0000018CAD10B420>
824,85,913,849,7,2023-02-04 07:00:00,<function <lambda> at 0x0000018CAD10B420>
825,621,464,607,3,2023-02-04 08:00:00,<function <lambda> at 0x0000018CAD10B420>
826,31,675,780,1,2023-02-04 09:00:00,<function <lambda> at 0x0000018CAD10B420>
827,741,450,23,3,2023-02-04 10:00:00,<function <lambda> at 0x0000018CAD10B420>
828,240,331,566,9,2023-02-04 11:00:00,<function <lambda> at 0x0000018CAD10B420>
829,890,253,886,6,2023-02-04 12:00:00,<function <lambda> at 0x0000018CAD10B420>
830,363,681,766,6,2023-02-04 13:00:00,<function <lambda> at 0x0000018CAD10B420>
831,822,963,965,4,2023-02-04 14:00:00,<function <lambda> at 0x0000018CAD10B420>
832,389,285,235,8,2023-02-04 15:00:00,<function <lambda> at 0x0000018CAD10B420>
833,653,274,996,5,2023-02-04 16:00:00,<function <lambda> at 0x0000018CAD10B420>
834,668,20,59,7,2023-02-04 17:00:00,<function <lambda> at 0x0000018CAD10B420>
835,299,239,164,9,2023-02-04 18:00:00,<function <lambda> at 0x0000018CAD10B420>
836,857,270,771,5,2023-02-04 19:00:00,<function <lambda> at 0x0000018CAD10B420>
837,371,418,826,5,2023-02-04 20:00:00,<function <lambda> at 0x0000018CAD10B420>
838,99,945,216,4,2023-02-04 21:00:00,<function <lambda> at 0x0000018CAD10B420>
839,47,310,183,6,2023-02-04 22:00:00,<function <lambda> at 0x0000018CAD10B420>
840,999,31,569,2,2023-02-04 23:00:00,<function <lambda> at 0x0000018CAD10B420>
841,839,826,657,3,2023-02-05 00:00:00,<function <lambda> at 0x0000018CAD10B420>
842,422,104,935,1,2023-02-05 01:00:00,<function <lambda> at 0x0000018CAD10B420>
843,480,682,90,2,2023-02-05 02:00:00,<function <lambda> at 0x0000018CAD10B420>
844,579,186,964,2,2023-02-05 03:00:00,<function <lambda> at 0x0000018CAD10B420>
845,62,128,311,8,2023-02-05 04:00:00,<function <lambda> at 0x0000018CAD10B420>
846,109,210,557,8,2023-02-05 05:00:00,<function <lambda> at 0x0000018CAD10B420>
847,679,414,972,2,2023-02-05 06:00:00,<function <lambda> at 0x0000018CAD10B420>
848,549,281,257,6,2023-02-05 07:00:00,<function <lambda> at 0x0000018CAD10B420>
849,119,959,533,5,2023-02-05 08:00:00,<function <lambda> at 0x0000018CAD10B420>
850,598,253,979,3,2023-02-05 09:00:00,<function <lambda> at 0x0000018CAD10B420>
851,382,19,533,5,2023-02-05 10:00:00,<function <lambda> at 0x0000018CAD10B420>
852,392,712,52,5,2023-02-05 11:00:00,<function <lambda> at 0x0000018CAD10B420>
853,977,732,338,5,2023-02-05 12:00:00,<function <lambda> at 0x0000018CAD10B420>
854,52,136,171,3,2023-02-05 13:00:00,<function <lambda> at 0x0000018CAD10B420>
855,603,223,948,3,2023-02-05 14:00:00,<function <lambda> at 0x0000018CAD10B420>
856,289,3,67,4,2023-02-05 15:00:00,<function <lambda> at 0x0000018CAD10B420>
857,337,963,625,7,2023-02-05 16:00:00,<function <lambda> at 0x0000018CAD10B420>
858,810,236,300,2,2023-02-05 17:00:00,<function <lambda> at 0x0000018CAD10B420>
859,204,854,672,4,2023-02-05 18:00:00,<function <lambda> at 0x0000018CAD10B420>
860,880,465,778,4,2023-02-05 19:00:00,<function <lambda> at 0x0000018CAD10B420>
861,238,228,832,1,2023-02-05 20:00:00,<function <lambda> at 0x0000018CAD10B420>
862,382,913,232,8,2023-02-05 21:00:00,<function <lambda> at 0x0000018CAD10B420>
863,667,654,975,1,2023-02-05 22:00:00,<function <lambda> at 0x0000018CAD10B420>
864,752,499,837,8,2023-02-05 23:00:00,<function <lambda> at 0x0000018CAD10B420>
865,136,521,68,7,2023-02-06 00:00:00,<function <lambda> at 0x0000018CAD10B420>
866,407,702,506,9,2023-02-06 01:00:00,<function <lambda> at 0x0000018CAD10B420>
867,508,862,28,8,2023-02-06 02:00:00,<function <lambda> at 0x0000018CAD10B420>
868,362,917,949,5,2023-02-06 03:00:00,<function <lambda> at 0x0000018CAD10B420>
869,381,972,628,8,2023-02-06 04:00:00,<function <lambda> at 0x0000018CAD10B420>
870,881,677,51,3,2023-02-06 05:00:00,<function <lambda> at 0x0000018CAD10B420>
871,576,992,693,7,2023-02-06 06:00:00,<function <lambda> at 0x0000018CAD10B420>
872,635,139,260,4,2023-02-06 07:00:00,<function <lambda> at 0x0000018CAD10B420>
873,254,276,591,5,2023-02-06 08:00:00,<function <lambda> at 0x0000018CAD10B420>
874,477,291,785,9,2023-02-06 09:00:00,<function <lambda> at 0x0000018CAD10B420>
875,114,53,620,7,2023-02-06 10:00:00,<function <lambda> at 0x0000018CAD10B420>
876,20,687,963,4,2023-02-06 11:00:00,<function <lambda> at 0x0000018CAD10B420>
877,528,110,586,6,2023-02-06 12:00:00,<function <lambda> at 0x0000018CAD10B420>
878,145,715,687,7,2023-02-06 13:00:00,<function <lambda> at 0x0000018CAD10B420>
879,208,948,184,9,2023-02-06 14:00:00,<function <lambda> at 0x0000018CAD10B420>
880,531,648,23,4,2023-02-06 15:00:00,<function <lambda> at 0x0000018CAD10B420>
881,376,4,786,3,2023-02-06 16:00:00,<function <lambda> at 0x0000018CAD10B420>
882,504,667,129,8,2023-02-06 17:00:00,<function <lambda> at 0x0000018CAD10B420>
883,904,684,291,1,2023-02-06 18:00:00,<function <lambda> at 0x0000018CAD10B420>
884,166,936,832,9,2023-02-06 19:00:00,<function <lambda> at 0x0000018CAD10B420>
885,550,870,501,1,2023-02-06 20:00:00,<function <lambda> at 0x0000018CAD10B420>
886,181,47,186,2,2023-02-06 21:00:00,<function <lambda> at 0x0000018CAD10B420>
887,861,94,479,8,2023-02-06 22:00:00,<function <lambda> at 0x0000018CAD10B420>
888,617,940,571,9,2023-02-06 23:00:00,<function <lambda> at 0x0000018CAD10B420>
889,612,560,492,7,2023-02-07 00:00:00,<function <lambda> at 0x0000018CAD10B420>
890,602,752,513,3,2023-02-07 01:00:00,<function <lambda> at 0x0000018CAD10B420>
891,927,859,643,7,2023-02-07 02:00:00,<function <lambda> at 0x0000018CAD10B420>
892,812,213,67,6,2023-02-07 03:00:00,<function <lambda> at 0x0000018CAD10B420>
893,444,436,805,2,2023-02-07 04:00:00,<function <lambda> at 0x0000018CAD10B420>
894,332,852,467,3,2023-02-07 05:00:00,<function <lambda> at 0x0000018CAD10B420>
895,503,508,285,5,2023-02-07 06:00:00,<function <lambda> at 0x0000018CAD10B420>
896,913,836,601,4,2023-02-07 07:00:00,<function <lambda> at 0x0000018CAD10B420>
897,79,651,417,2,2023-02-07 08:00:00,<function <lambda> at 0x0000018CAD10B420>
898,585,205,100,4,2023-02-07 09:00:00,<function <lambda> at 0x0000018CAD10B420>
899,935,381,189,8,2023-02-07 10:00:00,<function <lambda> at 0x0000018CAD10B420>
900,938,73,989,5,2023-02-07 11:00:00,<function <lambda> at 0x0000018CAD10B420>
901,688,516,890,5,2023-02-07 12:00:00,<function <lambda> at 0x0000018CAD10B420>
902,396,76,858,3,2023-02-07 13:00:00,<function <lambda> at 0x0000018CAD10B420>
903,608,841,388,8,2023-02-07 14:00:00,<function <lambda> at 0x0000018CAD10B420>
904,857,77,241,6,2023-02-07 15:00:00,<function <lambda> at 0x0000018CAD10B420>
905,103,816,782,2,2023-02-07 16:00:00,<function <lambda> at 0x0000018CAD10B420>
906,402,768,731,2,2023-02-07 17:00:00,<function <lambda> at 0x0000018CAD10B420>
907,975,410,417,9,2023-02-07 18:00:00,<function <lambda> at 0x0000018CAD10B420>
908,224,614,918,7,2023-02-07 19:00:00,<function <lambda> at 0x0000018CAD10B420>
909,518,106,176,9,2023-02-07 20:00:00,<function <lambda> at 0x0000018CAD10B420>
910,634,845,387,6,2023-02-07 21:00:00,<function <lambda> at 0x0000018CAD10B420>
911,236,551,471,5,2023-02-07 22:00:00,<function <lambda> at 0x0000018CAD10B420>
912,427,476,853,1,2023-02-07 23:00:00,<function <lambda> at 0x0000018CAD10B420>
913,116,826,233,6,2023-02-08 00:00:00,<function <lambda> at 0x0000018CAD10B420>
914,163,275,663,6,2023-02-08 01:00:00,<function <lambda> at 0x0000018CAD10B420>
915,226,88,452,3,2023-02-08 02:00:00,<function <lambda> at 0x0000018CAD10B420>
916,230,723,277,3,2023-02-08 03:00:00,<function <lambda> at 0x0000018CAD10B420>
917,182,881,229,3,2023-02-08 04:00:00,<function <lambda> at 0x0000018CAD10B420>
918,249,77,171,3,2023-02-08 05:00:00,<function <lambda> at 0x0000018CAD10B420>
919,318,77,735,7,2023-02-08 06:00:00,<function <lambda> at 0x0000018CAD10B420>
920,965,442,213,2,2023-02-08 07:00:00,<function <lambda> at 0x0000018CAD10B420>
921,210,540,282,2,2023-02-08 08:00:00,<function <lambda> at 0x0000018CAD10B420>
922,656,245,41,3,2023-02-08 09:00:00,<function <lambda> at 0x0000018CAD10B420>
923,392,578,122,7,2023-02-08 10:00:00,<function <lambda> at 0x0000018CAD10B420>
924,857,778,227,3,2023-02-08 11:00:00,<function <lambda> at 0x0000018CAD10B420>
925,96,382,294,7,2023-02-08 12:00:00,<function <lambda> at 0x0000018CAD10B420>
926,894,982,600,9,2023-02-08 13:00:00,<function <lambda> at 0x0000018CAD10B420>
927,858,717,267,4,2023-02-08 14:00:00,<function <lambda> at 0x0000018CAD10B420>
928,756,570,541,7,2023-02-08 15:00:00,<function <lambda> at 0x0000018CAD10B420>
929,86,713,759,9,2023-02-08 16:00:00,<function <lambda> at 0x0000018CAD10B420>
930,415,737,828,8,2023-02-08 17:00:00,<function <lambda> at 0x0000018CAD10B420>
931,394,142,451,8,2023-02-08 18:00:00,<function <lambda> at 0x0000018CAD10B420>
932,696,893,449,9,2023-02-08 19:00:00,<function <lambda> at 0x0000018CAD10B420>
933,633,368,756,5,2023-02-08 20:00:00,<function <lambda> at 0x0000018CAD10B420>
934,844,84,61,5,2023-02-08 21:00:00,<function <lambda> at 0x0000018CAD10B420>
935,501,143,502,3,2023-02-08 22:00:00,<function <lambda> at 0x0000018CAD10B420>
936,604,352,147,5,2023-02-08 23:00:00,<function <lambda> at 0x0000018CAD10B420>
937,582,545,686,8,2023-02-09 00:00:00,<function <lambda> at 0x0000018CAD10B420>
938,916,913,945,5,2023-02-09 01:00:00,<function <lambda> at 0x0000018CAD10B420>
939,133,152,790,4,2023-02-09 02:00:00,<function <lambda> at 0x0000018CAD10B420>
940,791,158,334,8,2023-02-09 03:00:00,<function <lambda> at 0x0000018CAD10B420>
941,649,446,881,7,2023-02-09 04:00:00,<function <lambda> at 0x0000018CAD10B420>
942,314,653,953,6,2023-02-09 05:00:00,<function <lambda> at 0x0000018CAD10B420>
943,699,958,891,5,2023-02-09 06:00:00,<function <lambda> at 0x0000018CAD10B420>
944,221,763,142,5,2023-02-09 07:00:00,<function <lambda> at 0x0000018CAD10B420>
945,976,303,44,2,2023-02-09 08:00:00,<function <lambda> at 0x0000018CAD10B420>
946,438,624,144,4,2023-02-09 09:00:00,<function <lambda> at 0x0000018CAD10B420>
947,46,656,865,8,2023-02-09 10:00:00,<function <lambda> at 0x0000018CAD10B420>
948,790,450,333,8,2023-02-09 11:00:00,<function <lambda> at 0x0000018CAD10B420>
949,192,721,998,1,2023-02-09 12:00:00,<function <lambda> at 0x0000018CAD10B420>
950,520,224,497,2,2023-02-09 13:00:00,<function <lambda> at 0x0000018CAD10B420>
951,379,43,396,5,2023-02-09 14:00:00,<function <lambda> at 0x0000018CAD10B420>
952,788,264,55,9,2023-02-09 15:00:00,<function <lambda> at 0x0000018CAD10B420>
953,691,756,307,7,2023-02-09 16:00:00,<function <lambda> at 0x0000018CAD10B420>
954,334,3,870,5,2023-02-09 17:00:00,<function <lambda> at 0x0000018CAD10B420>
955,39,637,423,1,2023-02-09 18:00:00,<function <lambda> at 0x0000018CAD10B420>
956,293,268,417,6,2023-02-09 19:00:00,<function <lambda> at 0x0000018CAD10B420>
957,690,596,673,8,2023-02-09 20:00:00,<function <lambda> at 0x0000018CAD10B420>
958,162,16,797,7,2023-02-09 21:00:00,<function <lambda> at 0x0000018CAD10B420>
959,331,334,325,2,2023-02-09 22:00:00,<function <lambda> at 0x0000018CAD10B420>
960,886,464,710,5,2023-02-09 23:00:00,<function <lambda> at 0x0000018CAD10B420>
961,104,59,671,4,2023-02-10 00:00:00,<function <lambda> at 0x0000018CAD10B420>
962,161,177,80,9,2023-02-10 01:00:00,<function <lambda> at 0x0000018CAD10B420>
963,799,63,31,1,2023-02-10 02:00:00,<function <lambda> at 0x0000018CAD10B420>
964,635,958,985,6,2023-02-10 03:00:00,<function <lambda> at 0x0000018CAD10B420>
965,54,561,112,3,2023-02-10 04:00:00,<function <lambda> at 0x0000018CAD10B420>
966,940,307,558,9,2023-02-10 05:00:00,<function <lambda> at 0x0000018CAD10B420>
967,34,246,865,5,2023-02-10 06:00:00,<function <lambda> at 0x0000018CAD10B420>
968,242,289,717,6,2023-02-10 07:00:00,<function <lambda> at 0x0000018CAD10B420>
969,967,798,564,9,2023-02-10 08:00:00,<function <lambda> at 0x0000018CAD10B420>
970,890,955,650,9,2023-02-10 09:00:00,<function <lambda> at 0x0000018CAD10B420>
971,113,332,472,8,2023-02-10 10:00:00,<function <lambda> at 0x0000018CAD10B420>
972,318,527,74,9,2023-02-10 11:00:00,<function <lambda> at 0x0000018CAD10B420>
973,23,850,553,4,2023-02-10 12:00:00,<function <lambda> at 0x0000018CAD10B420>
974,558,255,479,6,2023-02-10 13:00:00,<function <lambda> at 0x0000018CAD10B420>
975,824,604,589,5,2023-02-10 14:00:00,<function <lambda> at 0x0000018CAD10B420>
976,647,510,387,5,2023-02-10 15:00:00,<function <lambda> at 0x0000018CAD10B420>
977,118,791,699,4,2023-02-10 16:00:00,<function <lambda> at 0x0000018CAD10B420>
978,985,718,882,2,2023-02-10 17:00:00,<function <lambda> at 0x0000018CAD10B420>
979,701,606,564,6,2023-02-10 18:00:00,<function <lambda> at 0x0000018CAD10B420>
980,643,737,930,9,2023-02-10 19:00:00,<function <lambda> at 0x0000018CAD10B420>
981,934,813,433,1,2023-02-10 20:00:00,<function <lambda> at 0x0000018CAD10B420>
982,212,830,412,7,2023-02-10 21:00:00,<function <lambda> at 0x0000018CAD10B420>
983,418,463,467,6,2023-02-10 22:00:00,<function <lambda> at 0x0000018CAD10B420>
984,113,199,599,3,2023-02-10 23:00:00,<function <lambda> at 0x0000018CAD10B420>
985,44,271,621,1,2023-02-11 00:00:00,<function <lambda> at 0x0000018CAD10B420>
986,128,746,992,4,2023-02-11 01:00:00,<function <lambda> at 0x0000018CAD10B420>
987,876,558,909,9,2023-02-11 02:00:00,<function <lambda> at 0x0000018CAD10B420>
988,158,64,737,2,2023-02-11 03:00:00,<function <lambda> at 0x0000018CAD10B420>
989,785,230,994,3,2023-02-11 04:00:00,<function <lambda> at 0x0000018CAD10B420>
990,827,942,993,2,2023-02-11 05:00:00,<function <lambda> at 0x0000018CAD10B420>
991,394,952,248,2,2023-02-11 06:00:00,<function <lambda> at 0x0000018CAD10B420>
992,867,249,581,8,2023-02-11 07:00:00,<function <lambda> at 0x0000018CAD10B420>
993,852,246,120,3,2023-02-11 08:00:00,<function <lambda> at 0x0000018CAD10B420>
994,512,940,67,7,2023-02-11 09:00:00,<function <lambda> at 0x0000018CAD10B420>
995,914,587,573,8,2023-02-11 10:00:00,<function <lambda> at 0x0000018CAD10B420>
996,45,157,956,3,2023-02-11 11:00:00,<function <lambda> at 0x0000018CAD10B420>
997,108,735,327,2,2023-02-11 12:00:00,<function <lambda> at 0x0000018CAD10B420>
998,219,702,920,8,2023-02-11 13:00:00,<function <lambda> at 0x0000018CAD10B420>
999,443,985,703,3,2023-02-11 14:00:00,<function <lambda> at 0x0000018CAD10B420>
1000,830,564,470,7,2023-02-11 15:00:00,<function <lambda> at 0x0000018CAD10B420>
